file,line,type,commit,author,date,time,timezone,datetime,depth,length
style.css,1,css,5eceb152,Jassyq,2025-04-12,20:03:14,-07:00,2025-04-12T20:03:14-07:00,0,6
style.css,2,css,b2075f65,Jassyq,2025-04-19,13:53:02,-07:00,2025-04-19T13:53:02-07:00,0,29
style.css,3,css,21af0b51,Jassyq,2025-04-19,11:36:33,-07:00,2025-04-19T11:36:33-07:00,0,32
style.css,4,css,21af0b51,Jassyq,2025-04-19,11:36:33,-07:00,2025-04-19T11:36:33-07:00,0,40
style.css,5,css,21af0b51,Jassyq,2025-04-19,11:36:33,-07:00,2025-04-19T11:36:33-07:00,0,0
style.css,6,css,5eceb152,Jassyq,2025-04-12,20:03:14,-07:00,2025-04-12T20:03:14-07:00,0,0
style.css,7,css,21af0b51,Jassyq,2025-04-19,11:36:33,-07:00,2025-04-19T11:36:33-07:00,0,13
style.css,8,css,5eceb152,Jassyq,2025-04-12,20:03:14,-07:00,2025-04-12T20:03:14-07:00,0,23
style.css,9,css,21af0b51,Jassyq,2025-04-19,11:36:33,-07:00,2025-04-19T11:36:33-07:00,0,16
style.css,10,css,21af0b51,Jassyq,2025-04-19,11:36:33,-07:00,2025-04-19T11:36:33-07:00,0,18
style.css,11,css,21af0b51,Jassyq,2025-04-19,11:36:33,-07:00,2025-04-19T11:36:33-07:00,0,0
style.css,12,css,21af0b51,Jassyq,2025-04-19,11:36:33,-07:00,2025-04-19T11:36:33-07:00,0,0
style.css,13,css,5eceb152,Jassyq,2025-04-12,20:03:14,-07:00,2025-04-12T20:03:14-07:00,0,3
style.css,14,css,21af0b51,Jassyq,2025-04-19,11:36:33,-07:00,2025-04-19T11:36:33-07:00,0,15
style.css,15,css,21af0b51,Jassyq,2025-04-19,11:36:33,-07:00,2025-04-19T11:36:33-07:00,0,0
style.css,16,css,21af0b51,Jassyq,2025-04-19,11:36:33,-07:00,2025-04-19T11:36:33-07:00,0,0
style.css,17,css,21af0b51,Jassyq,2025-04-19,11:36:33,-07:00,2025-04-19T11:36:33-07:00,0,37
style.css,18,css,21af0b51,Jassyq,2025-04-19,11:36:33,-07:00,2025-04-19T11:36:33-07:00,0,37
style.css,19,css,21af0b51,Jassyq,2025-04-19,11:36:33,-07:00,2025-04-19T11:36:33-07:00,0,37
style.css,20,css,21af0b51,Jassyq,2025-04-19,11:36:33,-07:00,2025-04-19T11:36:33-07:00,0,4
style.css,21,css,21af0b51,Jassyq,2025-04-19,11:36:33,-07:00,2025-04-19T11:36:33-07:00,0,40
style.css,22,css,21af0b51,Jassyq,2025-04-19,11:36:33,-07:00,2025-04-19T11:36:33-07:00,0,34
style.css,23,css,21af0b51,Jassyq,2025-04-19,11:36:33,-07:00,2025-04-19T11:36:33-07:00,0,0
style.css,24,css,21af0b51,Jassyq,2025-04-19,11:36:33,-07:00,2025-04-19T11:36:33-07:00,0,13
style.css,25,css,21af0b51,Jassyq,2025-04-19,11:36:33,-07:00,2025-04-19T11:36:33-07:00,0,29
style.css,26,css,b2075f65,Jassyq,2025-04-19,13:53:02,-07:00,2025-04-19T13:53:02-07:00,0,9
style.css,27,css,21af0b51,Jassyq,2025-04-19,11:36:33,-07:00,2025-04-19T11:36:33-07:00,0,19
style.css,28,css,21af0b51,Jassyq,2025-04-19,11:36:33,-07:00,2025-04-19T11:36:33-07:00,0,44
style.css,29,css,21af0b51,Jassyq,2025-04-19,11:36:33,-07:00,2025-04-19T11:36:33-07:00,0,0
style.css,30,css,5eceb152,Jassyq,2025-04-12,20:03:14,-07:00,2025-04-12T20:03:14-07:00,0,0
style.css,31,css,5eceb152,Jassyq,2025-04-12,20:03:14,-07:00,2025-04-12T20:03:14-07:00,0,6
style.css,32,css,21af0b51,Jassyq,2025-04-19,11:36:33,-07:00,2025-04-19T11:36:33-07:00,0,21
style.css,33,css,21af0b51,Jassyq,2025-04-19,11:36:33,-07:00,2025-04-19T11:36:33-07:00,0,7
style.css,34,css,b2075f65,Jassyq,2025-04-19,13:53:02,-07:00,2025-04-19T13:53:02-07:00,0,18
style.css,35,css,b2075f65,Jassyq,2025-04-19,13:53:02,-07:00,2025-04-19T13:53:02-07:00,0,16
style.css,36,css,21af0b51,Jassyq,2025-04-19,11:36:33,-07:00,2025-04-19T11:36:33-07:00,0,21
style.css,37,css,21af0b51,Jassyq,2025-04-19,11:36:33,-07:00,2025-04-19T11:36:33-07:00,0,14
style.css,38,css,21af0b51,Jassyq,2025-04-19,11:36:33,-07:00,2025-04-19T11:36:33-07:00,0,18
style.css,39,css,21af0b51,Jassyq,2025-04-19,11:36:33,-07:00,2025-04-19T11:36:33-07:00,0,0
style.css,40,css,21af0b51,Jassyq,2025-04-19,11:36:33,-07:00,2025-04-19T11:36:33-07:00,0,0
style.css,41,css,21af0b51,Jassyq,2025-04-19,11:36:33,-07:00,2025-04-19T11:36:33-07:00,0,29
style.css,42,css,21af0b51,Jassyq,2025-04-19,11:36:33,-07:00,2025-04-19T11:36:33-07:00,0,20
style.css,43,css,21af0b51,Jassyq,2025-04-19,11:36:33,-07:00,2025-04-19T11:36:33-07:00,0,19
style.css,44,css,21af0b51,Jassyq,2025-04-19,11:36:33,-07:00,2025-04-19T11:36:33-07:00,0,11
style.css,45,css,21af0b51,Jassyq,2025-04-19,11:36:33,-07:00,2025-04-19T11:36:33-07:00,0,18
style.css,46,css,b2075f65,Jassyq,2025-04-19,13:53:02,-07:00,2025-04-19T13:53:02-07:00,0,12
style.css,47,css,21af0b51,Jassyq,2025-04-19,11:36:33,-07:00,2025-04-19T11:36:33-07:00,0,9
style.css,48,css,21af0b51,Jassyq,2025-04-19,11:36:33,-07:00,2025-04-19T11:36:33-07:00,0,27
style.css,49,css,b2075f65,Jassyq,2025-04-19,13:53:02,-07:00,2025-04-19T13:53:02-07:00,0,11
style.css,50,css,b2075f65,Jassyq,2025-04-19,13:53:02,-07:00,2025-04-19T13:53:02-07:00,0,11
style.css,51,css,21af0b51,Jassyq,2025-04-19,11:36:33,-07:00,2025-04-19T11:36:33-07:00,0,30
style.css,52,css,21af0b51,Jassyq,2025-04-19,11:36:33,-07:00,2025-04-19T11:36:33-07:00,0,0
style.css,53,css,5eceb152,Jassyq,2025-04-12,20:03:14,-07:00,2025-04-12T20:03:14-07:00,0,0
style.css,54,css,5eceb152,Jassyq,2025-04-12,20:03:14,-07:00,2025-04-12T20:03:14-07:00,0,14
style.css,55,css,21af0b51,Jassyq,2025-04-19,11:36:33,-07:00,2025-04-19T11:36:33-07:00,0,23
style.css,56,css,21af0b51,Jassyq,2025-04-19,11:36:33,-07:00,2025-04-19T11:36:33-07:00,0,0
style.css,57,css,21af0b51,Jassyq,2025-04-19,11:36:33,-07:00,2025-04-19T11:36:33-07:00,0,12
style.css,58,css,b2075f65,Jassyq,2025-04-19,13:53:02,-07:00,2025-04-19T13:53:02-07:00,0,25
style.css,59,css,21af0b51,Jassyq,2025-04-19,11:36:33,-07:00,2025-04-19T11:36:33-07:00,0,0
style.css,60,css,21af0b51,Jassyq,2025-04-19,11:36:33,-07:00,2025-04-19T11:36:33-07:00,0,19
style.css,61,css,b2075f65,Jassyq,2025-04-19,13:53:02,-07:00,2025-04-19T13:53:02-07:00,0,36
style.css,62,css,21af0b51,Jassyq,2025-04-19,11:36:33,-07:00,2025-04-19T11:36:33-07:00,0,0
style.css,63,css,21af0b51,Jassyq,2025-04-19,11:36:33,-07:00,2025-04-19T11:36:33-07:00,0,0
style.css,64,css,5eceb152,Jassyq,2025-04-12,20:03:14,-07:00,2025-04-12T20:03:14-07:00,0,0
style.css,65,css,5eceb152,Jassyq,2025-04-12,20:03:14,-07:00,2025-04-12T20:03:14-07:00,0,0
style.css,66,css,21af0b51,Jassyq,2025-04-19,11:36:33,-07:00,2025-04-19T11:36:33-07:00,0,37
style.css,67,css,21af0b51,Jassyq,2025-04-19,11:36:33,-07:00,2025-04-19T11:36:33-07:00,0,37
style.css,68,css,21af0b51,Jassyq,2025-04-19,11:36:33,-07:00,2025-04-19T11:36:33-07:00,0,37
style.css,69,css,5eceb152,Jassyq,2025-04-12,20:03:14,-07:00,2025-04-12T20:03:14-07:00,0,5
style.css,70,css,5eceb152,Jassyq,2025-04-12,20:03:14,-07:00,2025-04-12T20:03:14-07:00,0,13
style.css,71,css,5eceb152,Jassyq,2025-04-12,20:03:14,-07:00,2025-04-12T20:03:14-07:00,0,31
style.css,72,css,5eceb152,Jassyq,2025-04-12,20:03:14,-07:00,2025-04-12T20:03:14-07:00,0,19
style.css,73,css,5eceb152,Jassyq,2025-04-12,20:03:14,-07:00,2025-04-12T20:03:14-07:00,0,8
style.css,74,css,5eceb152,Jassyq,2025-04-12,20:03:14,-07:00,2025-04-12T20:03:14-07:00,0,0
style.css,75,css,5eceb152,Jassyq,2025-04-12,20:03:14,-07:00,2025-04-12T20:03:14-07:00,0,0
style.css,76,css,5eceb152,Jassyq,2025-04-12,20:03:14,-07:00,2025-04-12T20:03:14-07:00,0,12
style.css,77,css,5eceb152,Jassyq,2025-04-12,20:03:14,-07:00,2025-04-12T20:03:14-07:00,0,19
style.css,78,css,5eceb152,Jassyq,2025-04-12,20:03:14,-07:00,2025-04-12T20:03:14-07:00,0,0
style.css,79,css,5eceb152,Jassyq,2025-04-12,20:03:14,-07:00,2025-04-12T20:03:14-07:00,0,0
style.css,80,css,21af0b51,Jassyq,2025-04-19,11:36:33,-07:00,2025-04-19T11:36:33-07:00,0,37
style.css,81,css,21af0b51,Jassyq,2025-04-19,11:36:33,-07:00,2025-04-19T11:36:33-07:00,0,37
style.css,82,css,21af0b51,Jassyq,2025-04-19,11:36:33,-07:00,2025-04-19T11:36:33-07:00,0,37
style.css,83,css,5eceb152,Jassyq,2025-04-12,20:03:14,-07:00,2025-04-12T20:03:14-07:00,0,10
style.css,84,css,5eceb152,Jassyq,2025-04-12,20:03:14,-07:00,2025-04-12T20:03:14-07:00,0,13
style.css,85,css,5eceb152,Jassyq,2025-04-12,20:03:14,-07:00,2025-04-12T20:03:14-07:00,0,59
style.css,86,css,86f6e765,Jassyq,2025-05-02,18:59:03,-07:00,2025-05-02T18:59:03-07:00,0,15
style.css,87,css,5eceb152,Jassyq,2025-04-12,20:03:14,-07:00,2025-04-12T20:03:14-07:00,0,0
style.css,88,css,5eceb152,Jassyq,2025-04-12,20:03:14,-07:00,2025-04-12T20:03:14-07:00,0,0
style.css,89,css,5eceb152,Jassyq,2025-04-12,20:03:14,-07:00,2025-04-12T20:03:14-07:00,0,18
style.css,90,css,5eceb152,Jassyq,2025-04-12,20:03:14,-07:00,2025-04-12T20:03:14-07:00,0,13
style.css,91,css,21af0b51,Jassyq,2025-04-19,11:36:33,-07:00,2025-04-19T11:36:33-07:00,0,27
style.css,92,css,86f6e765,Jassyq,2025-05-02,18:59:03,-07:00,2025-05-02T18:59:03-07:00,0,68
style.css,93,css,86f6e765,Jassyq,2025-05-02,18:59:03,-07:00,2025-05-02T18:59:03-07:00,0,10
style.css,94,css,5eceb152,Jassyq,2025-04-12,20:03:14,-07:00,2025-04-12T20:03:14-07:00,0,0
style.css,95,css,5eceb152,Jassyq,2025-04-12,20:03:14,-07:00,2025-04-12T20:03:14-07:00,0,0
style.css,96,css,5eceb152,Jassyq,2025-04-12,20:03:14,-07:00,2025-04-12T20:03:14-07:00,0,21
style.css,97,css,21af0b51,Jassyq,2025-04-19,11:36:33,-07:00,2025-04-19T11:36:33-07:00,0,9
style.css,98,css,2c835465,Jassyq,2025-05-02,13:54:57,-07:00,2025-05-02T13:54:57-07:00,0,0
style.css,99,css,2c835465,Jassyq,2025-05-02,13:54:57,-07:00,2025-05-02T13:54:57-07:00,0,0
style.css,100,css,2c835465,Jassyq,2025-05-02,13:54:57,-07:00,2025-05-02T13:54:57-07:00,0,14
style.css,101,css,86f6e765,Jassyq,2025-05-02,18:59:03,-07:00,2025-05-02T18:59:03-07:00,0,18
style.css,102,css,86f6e765,Jassyq,2025-05-02,18:59:03,-07:00,2025-05-02T18:59:03-07:00,0,17
style.css,103,css,2c835465,Jassyq,2025-05-02,13:54:57,-07:00,2025-05-02T13:54:57-07:00,0,18
style.css,104,css,2c835465,Jassyq,2025-05-02,13:54:57,-07:00,2025-05-02T13:54:57-07:00,0,31
style.css,105,css,2c835465,Jassyq,2025-05-02,13:54:57,-07:00,2025-05-02T13:54:57-07:00,0,35
style.css,106,css,2c835465,Jassyq,2025-05-02,13:54:57,-07:00,2025-05-02T13:54:57-07:00,0,0
style.css,107,css,2c835465,Jassyq,2025-05-02,13:54:57,-07:00,2025-05-02T13:54:57-07:00,0,0
style.css,108,css,58840d96,Jassyq,2025-05-02,21:24:45,-07:00,2025-05-02T21:24:45-07:00,0,0
style.css,109,css,58840d96,Jassyq,2025-05-02,21:24:45,-07:00,2025-05-02T21:24:45-07:00,0,0
style.css,110,css,2c835465,Jassyq,2025-05-02,13:54:57,-07:00,2025-05-02T13:54:57-07:00,0,19
style.css,111,css,0bf87a99,Jassyq,2025-05-03,16:38:24,-07:00,2025-05-03T16:38:24-07:00,0,50
style.css,112,css,0bf87a99,Jassyq,2025-05-03,16:38:24,-07:00,2025-05-03T16:38:24-07:00,0,63
style.css,113,css,0bf87a99,Jassyq,2025-05-03,16:38:24,-07:00,2025-05-03T16:38:24-07:00,0,64
style.css,114,css,2c835465,Jassyq,2025-05-02,13:54:57,-07:00,2025-05-02T13:54:57-07:00,0,17
style.css,115,css,2c835465,Jassyq,2025-05-02,13:54:57,-07:00,2025-05-02T13:54:57-07:00,0,17
style.css,116,css,5eceb152,Jassyq,2025-04-12,20:03:14,-07:00,2025-04-12T20:03:14-07:00,0,0
style.css,117,css,5eceb152,Jassyq,2025-04-12,20:03:14,-07:00,2025-04-12T20:03:14-07:00,0,0
style.css,118,css,0bf87a99,Jassyq,2025-05-03,16:38:24,-07:00,2025-05-03T16:38:24-07:00,0,41
style.css,119,css,0bf87a99,Jassyq,2025-05-03,16:38:24,-07:00,2025-05-03T16:38:24-07:00,0,52
style.css,120,css,0bf87a99,Jassyq,2025-05-03,16:38:24,-07:00,2025-05-03T16:38:24-07:00,0,12
style.css,121,css,0bf87a99,Jassyq,2025-05-03,16:38:24,-07:00,2025-05-03T16:38:24-07:00,0,29
style.css,122,css,0bf87a99,Jassyq,2025-05-03,16:38:24,-07:00,2025-05-03T16:38:24-07:00,0,0
style.css,123,css,0bf87a99,Jassyq,2025-05-03,16:38:24,-07:00,2025-05-03T16:38:24-07:00,0,0
style.css,124,css,0bf87a99,Jassyq,2025-05-03,16:38:24,-07:00,2025-05-03T16:38:24-07:00,0,24
style.css,125,css,0bf87a99,Jassyq,2025-05-03,16:38:24,-07:00,2025-05-03T16:38:24-07:00,0,17
style.css,126,css,0bf87a99,Jassyq,2025-05-03,16:38:24,-07:00,2025-05-03T16:38:24-07:00,0,0
style.css,127,css,0bf87a99,Jassyq,2025-05-03,16:38:24,-07:00,2025-05-03T16:38:24-07:00,0,0
style.css,128,css,0bf87a99,Jassyq,2025-05-03,16:38:24,-07:00,2025-05-03T16:38:24-07:00,0,10
style.css,129,css,0bf87a99,Jassyq,2025-05-03,16:38:24,-07:00,2025-05-03T16:38:24-07:00,0,27
style.css,130,css,0bf87a99,Jassyq,2025-05-03,16:38:24,-07:00,2025-05-03T16:38:24-07:00,0,11
style.css,131,css,0bf87a99,Jassyq,2025-05-03,16:38:24,-07:00,2025-05-03T16:38:24-07:00,0,18
style.css,132,css,0bf87a99,Jassyq,2025-05-03,16:38:24,-07:00,2025-05-03T16:38:24-07:00,0,0
style.css,133,css,0bf87a99,Jassyq,2025-05-03,16:38:24,-07:00,2025-05-03T16:38:24-07:00,0,0
style.css,134,css,0bf87a99,Jassyq,2025-05-03,16:38:24,-07:00,2025-05-03T16:38:24-07:00,0,0
style.css,135,css,0bf87a99,Jassyq,2025-05-03,16:38:24,-07:00,2025-05-03T16:38:24-07:00,0,11
style.css,136,css,0bf87a99,Jassyq,2025-05-03,16:38:24,-07:00,2025-05-03T16:38:24-07:00,0,43
style.css,137,css,0bf87a99,Jassyq,2025-05-03,16:38:24,-07:00,2025-05-03T16:38:24-07:00,0,63
style.css,138,css,0bf87a99,Jassyq,2025-05-03,16:38:24,-07:00,2025-05-03T16:38:24-07:00,0,61
style.css,139,css,0bf87a99,Jassyq,2025-05-03,16:38:24,-07:00,2025-05-03T16:38:24-07:00,0,0
style.css,140,css,0bf87a99,Jassyq,2025-05-03,16:38:24,-07:00,2025-05-03T16:38:24-07:00,0,0
style.css,141,css,58840d96,Jassyq,2025-05-02,21:24:45,-07:00,2025-05-02T21:24:45-07:00,0,37
style.css,142,css,58840d96,Jassyq,2025-05-02,21:24:45,-07:00,2025-05-02T21:24:45-07:00,0,37
style.css,143,css,58840d96,Jassyq,2025-05-02,21:24:45,-07:00,2025-05-02T21:24:45-07:00,0,37
style.css,144,css,58840d96,Jassyq,2025-05-02,21:24:45,-07:00,2025-05-02T21:24:45-07:00,0,0
style.css,145,css,58840d96,Jassyq,2025-05-02,21:24:45,-07:00,2025-05-02T21:24:45-07:00,0,64
style.css,146,css,58840d96,Jassyq,2025-05-02,21:24:45,-07:00,2025-05-02T21:24:45-07:00,0,34
style.css,147,css,58840d96,Jassyq,2025-05-02,21:24:45,-07:00,2025-05-02T21:24:45-07:00,0,64
style.css,148,css,58840d96,Jassyq,2025-05-02,21:24:45,-07:00,2025-05-02T21:24:45-07:00,0,8
style.css,149,css,0bf87a99,Jassyq,2025-05-03,16:38:24,-07:00,2025-05-03T16:38:24-07:00,0,13
style.css,150,css,0bf87a99,Jassyq,2025-05-03,16:38:24,-07:00,2025-05-03T16:38:24-07:00,0,14
style.css,151,css,0bf87a99,Jassyq,2025-05-03,16:38:24,-07:00,2025-05-03T16:38:24-07:00,0,15
style.css,152,css,0bf87a99,Jassyq,2025-05-03,16:38:24,-07:00,2025-05-03T16:38:24-07:00,0,50
style.css,153,css,0bf87a99,Jassyq,2025-05-03,16:38:24,-07:00,2025-05-03T16:38:24-07:00,0,19
style.css,154,css,0bf87a99,Jassyq,2025-05-03,16:38:24,-07:00,2025-05-03T16:38:24-07:00,0,64
style.css,155,css,58840d96,Jassyq,2025-05-02,21:24:45,-07:00,2025-05-02T21:24:45-07:00,0,56
style.css,156,css,58840d96,Jassyq,2025-05-02,21:24:45,-07:00,2025-05-02T21:24:45-07:00,0,52
style.css,157,css,58840d96,Jassyq,2025-05-02,21:24:45,-07:00,2025-05-02T21:24:45-07:00,0,56
style.css,158,css,58840d96,Jassyq,2025-05-02,21:24:45,-07:00,2025-05-02T21:24:45-07:00,0,54
style.css,159,css,58840d96,Jassyq,2025-05-02,21:24:45,-07:00,2025-05-02T21:24:45-07:00,0,52
style.css,160,css,58840d96,Jassyq,2025-05-02,21:24:45,-07:00,2025-05-02T21:24:45-07:00,0,0
style.css,161,css,58840d96,Jassyq,2025-05-02,21:24:45,-07:00,2025-05-02T21:24:45-07:00,0,0
style.css,162,css,58840d96,Jassyq,2025-05-02,21:24:45,-07:00,2025-05-02T21:24:45-07:00,0,64
style.css,163,css,58840d96,Jassyq,2025-05-02,21:24:45,-07:00,2025-05-02T21:24:45-07:00,0,32
style.css,164,css,58840d96,Jassyq,2025-05-02,21:24:45,-07:00,2025-05-02T21:24:45-07:00,0,64
style.css,165,css,58840d96,Jassyq,2025-05-02,21:24:45,-07:00,2025-05-02T21:24:45-07:00,0,13
style.css,166,css,0bf87a99,Jassyq,2025-05-03,16:38:24,-07:00,2025-05-03T16:38:24-07:00,0,35
style.css,167,css,58840d96,Jassyq,2025-05-02,21:24:45,-07:00,2025-05-02T21:24:45-07:00,0,19
style.css,168,css,58840d96,Jassyq,2025-05-02,21:24:45,-07:00,2025-05-02T21:24:45-07:00,0,59
style.css,169,css,0bf87a99,Jassyq,2025-05-03,16:38:24,-07:00,2025-05-03T16:38:24-07:00,0,9
style.css,170,css,0bf87a99,Jassyq,2025-05-03,16:38:24,-07:00,2025-05-03T16:38:24-07:00,0,0
style.css,171,css,58840d96,Jassyq,2025-05-02,21:24:45,-07:00,2025-05-02T21:24:45-07:00,0,0
style.css,172,css,58840d96,Jassyq,2025-05-02,21:24:45,-07:00,2025-05-02T21:24:45-07:00,0,0
style.css,173,css,58840d96,Jassyq,2025-05-02,21:24:45,-07:00,2025-05-02T21:24:45-07:00,0,46
style.css,174,css,0bf87a99,Jassyq,2025-05-03,16:38:24,-07:00,2025-05-03T16:38:24-07:00,0,8
style.css,175,css,0bf87a99,Jassyq,2025-05-03,16:38:24,-07:00,2025-05-03T16:38:24-07:00,0,21
style.css,176,css,0bf87a99,Jassyq,2025-05-03,16:38:24,-07:00,2025-05-03T16:38:24-07:00,0,48
style.css,177,css,58840d96,Jassyq,2025-05-02,21:24:45,-07:00,2025-05-02T21:24:45-07:00,0,56
style.css,178,css,58840d96,Jassyq,2025-05-02,21:24:45,-07:00,2025-05-02T21:24:45-07:00,0,61
style.css,179,css,58840d96,Jassyq,2025-05-02,21:24:45,-07:00,2025-05-02T21:24:45-07:00,0,60
style.css,180,css,0bf87a99,Jassyq,2025-05-03,16:38:24,-07:00,2025-05-03T16:38:24-07:00,0,18
style.css,181,css,0bf87a99,Jassyq,2025-05-03,16:38:24,-07:00,2025-05-03T16:38:24-07:00,0,48
style.css,182,css,58840d96,Jassyq,2025-05-02,21:24:45,-07:00,2025-05-02T21:24:45-07:00,0,0
style.css,183,css,58840d96,Jassyq,2025-05-02,21:24:45,-07:00,2025-05-02T21:24:45-07:00,0,0
style.css,184,css,58840d96,Jassyq,2025-05-02,21:24:45,-07:00,2025-05-02T21:24:45-07:00,0,41
style.css,185,css,58840d96,Jassyq,2025-05-02,21:24:45,-07:00,2025-05-02T21:24:45-07:00,0,16
style.css,186,css,58840d96,Jassyq,2025-05-02,21:24:45,-07:00,2025-05-02T21:24:45-07:00,0,18
style.css,187,css,58840d96,Jassyq,2025-05-02,21:24:45,-07:00,2025-05-02T21:24:45-07:00,0,12
style.css,188,css,58840d96,Jassyq,2025-05-02,21:24:45,-07:00,2025-05-02T21:24:45-07:00,0,20
style.css,189,css,58840d96,Jassyq,2025-05-02,21:24:45,-07:00,2025-05-02T21:24:45-07:00,0,0
style.css,190,css,58840d96,Jassyq,2025-05-02,21:24:45,-07:00,2025-05-02T21:24:45-07:00,0,0
style.css,191,css,c7ec3c5f,Jassyq,2025-05-03,17:05:01,-07:00,2025-05-03T17:05:01-07:00,0,36
style.css,192,css,c7ec3c5f,Jassyq,2025-05-03,17:05:01,-07:00,2025-05-03T17:05:01-07:00,0,8
style.css,193,css,c7ec3c5f,Jassyq,2025-05-03,17:05:01,-07:00,2025-05-03T17:05:01-07:00,0,29
style.css,194,css,c7ec3c5f,Jassyq,2025-05-03,17:05:01,-07:00,2025-05-03T17:05:01-07:00,0,33
style.css,195,css,c7ec3c5f,Jassyq,2025-05-03,17:05:01,-07:00,2025-05-03T17:05:01-07:00,0,0
style.css,196,css,c7ec3c5f,Jassyq,2025-05-03,17:05:01,-07:00,2025-05-03T17:05:01-07:00,0,0
style.css,197,css,c7ec3c5f,Jassyq,2025-05-03,17:05:01,-07:00,2025-05-03T17:05:01-07:00,0,0
style.css,198,css,0bf87a99,Jassyq,2025-05-03,16:38:24,-07:00,2025-05-03T16:38:24-07:00,0,0
style.css,199,css,0bf87a99,Jassyq,2025-05-03,16:38:24,-07:00,2025-05-03T16:38:24-07:00,0,14
style.css,200,css,0bf87a99,Jassyq,2025-05-03,16:38:24,-07:00,2025-05-03T16:38:24-07:00,0,11
style.css,201,css,0bf87a99,Jassyq,2025-05-03,16:38:24,-07:00,2025-05-03T16:38:24-07:00,0,11
style.css,202,css,0bf87a99,Jassyq,2025-05-03,16:38:24,-07:00,2025-05-03T16:38:24-07:00,0,15
style.css,203,css,0bf87a99,Jassyq,2025-05-03,16:38:24,-07:00,2025-05-03T16:38:24-07:00,0,22
style.css,204,css,0bf87a99,Jassyq,2025-05-03,16:38:24,-07:00,2025-05-03T16:38:24-07:00,0,71
style.css,205,css,0bf87a99,Jassyq,2025-05-03,16:38:24,-07:00,2025-05-03T16:38:24-07:00,0,59
style.css,206,css,0bf87a99,Jassyq,2025-05-03,16:38:24,-07:00,2025-05-03T16:38:24-07:00,0,46
style.css,207,css,0bf87a99,Jassyq,2025-05-03,16:38:24,-07:00,2025-05-03T16:38:24-07:00,0,61
style.css,208,css,0bf87a99,Jassyq,2025-05-03,16:38:24,-07:00,2025-05-03T16:38:24-07:00,0,48
style.css,209,css,0bf87a99,Jassyq,2025-05-03,16:38:24,-07:00,2025-05-03T16:38:24-07:00,0,65
style.css,210,css,0bf87a99,Jassyq,2025-05-03,16:38:24,-07:00,2025-05-03T16:38:24-07:00,0,61
style.css,211,css,58840d96,Jassyq,2025-05-02,21:24:45,-07:00,2025-05-02T21:24:45-07:00,0,0
style.css,212,css,58840d96,Jassyq,2025-05-02,21:24:45,-07:00,2025-05-02T21:24:45-07:00,0,0
style.css,213,css,21af0b51,Jassyq,2025-04-19,11:36:33,-07:00,2025-04-19T11:36:33-07:00,0,37
style.css,214,css,21af0b51,Jassyq,2025-04-19,11:36:33,-07:00,2025-04-19T11:36:33-07:00,0,37
style.css,215,css,21af0b51,Jassyq,2025-04-19,11:36:33,-07:00,2025-04-19T11:36:33-07:00,0,37
style.css,216,css,6f3365d2,Jassyq,2025-04-04,20:45:40,-07:00,2025-04-04T20:45:40-07:00,0,5
style.css,217,css,21af0b51,Jassyq,2025-04-19,11:36:33,-07:00,2025-04-19T11:36:33-07:00,0,16
style.css,218,css,21af0b51,Jassyq,2025-04-19,11:36:33,-07:00,2025-04-19T11:36:33-07:00,0,19
style.css,219,css,21af0b51,Jassyq,2025-04-19,11:36:33,-07:00,2025-04-19T11:36:33-07:00,0,13
style.css,220,css,21af0b51,Jassyq,2025-04-19,11:36:33,-07:00,2025-04-19T11:36:33-07:00,0,0
style.css,221,css,21af0b51,Jassyq,2025-04-19,11:36:33,-07:00,2025-04-19T11:36:33-07:00,0,0
style.css,222,css,21af0b51,Jassyq,2025-04-19,11:36:33,-07:00,2025-04-19T11:36:33-07:00,0,4
style.css,223,css,21af0b51,Jassyq,2025-04-19,11:36:33,-07:00,2025-04-19T11:36:33-07:00,0,15
style.css,224,css,21af0b51,Jassyq,2025-04-19,11:36:33,-07:00,2025-04-19T11:36:33-07:00,0,12
style.css,225,css,21af0b51,Jassyq,2025-04-19,11:36:33,-07:00,2025-04-19T11:36:33-07:00,0,0
style.css,226,css,21af0b51,Jassyq,2025-04-19,11:36:33,-07:00,2025-04-19T11:36:33-07:00,0,0
style.css,227,css,21af0b51,Jassyq,2025-04-19,11:36:33,-07:00,2025-04-19T11:36:33-07:00,0,37
style.css,228,css,21af0b51,Jassyq,2025-04-19,11:36:33,-07:00,2025-04-19T11:36:33-07:00,0,37
style.css,229,css,21af0b51,Jassyq,2025-04-19,11:36:33,-07:00,2025-04-19T11:36:33-07:00,0,37
style.css,230,css,21af0b51,Jassyq,2025-04-19,11:36:33,-07:00,2025-04-19T11:36:33-07:00,0,14
style.css,231,css,21af0b51,Jassyq,2025-04-19,11:36:33,-07:00,2025-04-19T11:36:33-07:00,0,18
style.css,232,css,b2075f65,Jassyq,2025-04-19,13:53:02,-07:00,2025-04-19T13:53:02-07:00,0,9
style.css,233,css,b2075f65,Jassyq,2025-04-19,13:53:02,-07:00,2025-04-19T13:53:02-07:00,0,11
style.css,234,css,b2075f65,Jassyq,2025-04-19,13:53:02,-07:00,2025-04-19T13:53:02-07:00,0,17
style.css,235,css,b2075f65,Jassyq,2025-04-19,13:53:02,-07:00,2025-04-19T13:53:02-07:00,0,20
style.css,236,css,b2075f65,Jassyq,2025-04-19,13:53:02,-07:00,2025-04-19T13:53:02-07:00,0,13
style.css,237,css,21af0b51,Jassyq,2025-04-19,11:36:33,-07:00,2025-04-19T11:36:33-07:00,0,0
style.css,238,css,21af0b51,Jassyq,2025-04-19,11:36:33,-07:00,2025-04-19T11:36:33-07:00,0,0
style.css,239,css,21af0b51,Jassyq,2025-04-19,11:36:33,-07:00,2025-04-19T11:36:33-07:00,0,56
style.css,240,css,21af0b51,Jassyq,2025-04-19,11:36:33,-07:00,2025-04-19T11:36:33-07:00,0,21
style.css,241,css,21af0b51,Jassyq,2025-04-19,11:36:33,-07:00,2025-04-19T11:36:33-07:00,0,20
style.css,242,css,21af0b51,Jassyq,2025-04-19,11:36:33,-07:00,2025-04-19T11:36:33-07:00,0,0
style.css,243,css,2c835465,Jassyq,2025-05-02,13:54:57,-07:00,2025-05-02T13:54:57-07:00,0,0
style.css,244,css,c7ec3c5f,Jassyq,2025-05-03,17:05:01,-07:00,2025-05-03T17:05:01-07:00,0,0
resume_style.css,1,css,21af0b51,Jassyq,2025-04-19,11:36:33,-07:00,2025-04-19T11:36:33-07:00,0,0
resume_style.css,2,css,21af0b51,Jassyq,2025-04-19,11:36:33,-07:00,2025-04-19T11:36:33-07:00,0,32
resume_style.css,3,css,21af0b51,Jassyq,2025-04-19,11:36:33,-07:00,2025-04-19T11:36:33-07:00,0,29
resume_style.css,4,css,21af0b51,Jassyq,2025-04-19,11:36:33,-07:00,2025-04-19T11:36:33-07:00,0,32
resume_style.css,5,css,21af0b51,Jassyq,2025-04-19,11:36:33,-07:00,2025-04-19T11:36:33-07:00,0,5
resume_style.css,6,css,21af0b51,Jassyq,2025-04-19,11:36:33,-07:00,2025-04-19T11:36:33-07:00,0,16
resume_style.css,7,css,21af0b51,Jassyq,2025-04-19,11:36:33,-07:00,2025-04-19T11:36:33-07:00,0,14
resume_style.css,8,css,21af0b51,Jassyq,2025-04-19,11:36:33,-07:00,2025-04-19T11:36:33-07:00,0,22
resume_style.css,9,css,21af0b51,Jassyq,2025-04-19,11:36:33,-07:00,2025-04-19T11:36:33-07:00,0,14
resume_style.css,10,css,21af0b51,Jassyq,2025-04-19,11:36:33,-07:00,2025-04-19T11:36:33-07:00,0,39
resume_style.css,11,css,21af0b51,Jassyq,2025-04-19,11:36:33,-07:00,2025-04-19T11:36:33-07:00,0,18
resume_style.css,12,css,21af0b51,Jassyq,2025-04-19,11:36:33,-07:00,2025-04-19T11:36:33-07:00,0,0
resume_style.css,13,css,21af0b51,Jassyq,2025-04-19,11:36:33,-07:00,2025-04-19T11:36:33-07:00,0,0
resume_style.css,14,css,21af0b51,Jassyq,2025-04-19,11:36:33,-07:00,2025-04-19T11:36:33-07:00,0,13
resume_style.css,15,css,21af0b51,Jassyq,2025-04-19,11:36:33,-07:00,2025-04-19T11:36:33-07:00,0,18
resume_style.css,16,css,21af0b51,Jassyq,2025-04-19,11:36:33,-07:00,2025-04-19T11:36:33-07:00,0,0
resume_style.css,17,css,21af0b51,Jassyq,2025-04-19,11:36:33,-07:00,2025-04-19T11:36:33-07:00,0,0
resume_style.css,18,css,21af0b51,Jassyq,2025-04-19,11:36:33,-07:00,2025-04-19T11:36:33-07:00,0,24
resume_style.css,19,css,21af0b51,Jassyq,2025-04-19,11:36:33,-07:00,2025-04-19T11:36:33-07:00,0,16
resume_style.css,20,css,21af0b51,Jassyq,2025-04-19,11:36:33,-07:00,2025-04-19T11:36:33-07:00,0,0
resume_style.css,21,css,21af0b51,Jassyq,2025-04-19,11:36:33,-07:00,2025-04-19T11:36:33-07:00,0,0
resume_style.css,22,css,21af0b51,Jassyq,2025-04-19,11:36:33,-07:00,2025-04-19T11:36:33-07:00,0,8
resume_style.css,23,css,21af0b51,Jassyq,2025-04-19,11:36:33,-07:00,2025-04-19T11:36:33-07:00,0,14
resume_style.css,24,css,21af0b51,Jassyq,2025-04-19,11:36:33,-07:00,2025-04-19T11:36:33-07:00,0,19
resume_style.css,25,css,21af0b51,Jassyq,2025-04-19,11:36:33,-07:00,2025-04-19T11:36:33-07:00,0,29
resume_style.css,26,css,21af0b51,Jassyq,2025-04-19,11:36:33,-07:00,2025-04-19T11:36:33-07:00,0,21
resume_style.css,27,css,21af0b51,Jassyq,2025-04-19,11:36:33,-07:00,2025-04-19T11:36:33-07:00,0,0
resume_style.css,28,css,21af0b51,Jassyq,2025-04-19,11:36:33,-07:00,2025-04-19T11:36:33-07:00,0,0
resume_style.css,29,css,21af0b51,Jassyq,2025-04-19,11:36:33,-07:00,2025-04-19T11:36:33-07:00,0,30
resume_style.css,30,css,21af0b51,Jassyq,2025-04-19,11:36:33,-07:00,2025-04-19T11:36:33-07:00,0,8
resume_style.css,31,css,21af0b51,Jassyq,2025-04-19,11:36:33,-07:00,2025-04-19T11:36:33-07:00,0,20
resume_style.css,32,css,21af0b51,Jassyq,2025-04-19,11:36:33,-07:00,2025-04-19T11:36:33-07:00,0,0
resume_style.css,33,css,21af0b51,Jassyq,2025-04-19,11:36:33,-07:00,2025-04-19T11:36:33-07:00,0,0
resume_style.css,34,css,21af0b51,Jassyq,2025-04-19,11:36:33,-07:00,2025-04-19T11:36:33-07:00,0,11
resume_style.css,35,css,21af0b51,Jassyq,2025-04-19,11:36:33,-07:00,2025-04-19T11:36:33-07:00,0,16
resume_style.css,36,css,21af0b51,Jassyq,2025-04-19,11:36:33,-07:00,2025-04-19T11:36:33-07:00,0,20
resume_style.css,37,css,21af0b51,Jassyq,2025-04-19,11:36:33,-07:00,2025-04-19T11:36:33-07:00,0,11
resume_style.css,38,css,21af0b51,Jassyq,2025-04-19,11:36:33,-07:00,2025-04-19T11:36:33-07:00,0,0
resume_style.css,39,css,21af0b51,Jassyq,2025-04-19,11:36:33,-07:00,2025-04-19T11:36:33-07:00,0,0
resume_style.css,40,css,21af0b51,Jassyq,2025-04-19,11:36:33,-07:00,2025-04-19T11:36:33-07:00,0,9
resume_style.css,41,css,21af0b51,Jassyq,2025-04-19,11:36:33,-07:00,2025-04-19T11:36:33-07:00,0,13
resume_style.css,42,css,21af0b51,Jassyq,2025-04-19,11:36:33,-07:00,2025-04-19T11:36:33-07:00,0,14
resume_style.css,43,css,21af0b51,Jassyq,2025-04-19,11:36:33,-07:00,2025-04-19T11:36:33-07:00,0,20
resume_style.css,44,css,21af0b51,Jassyq,2025-04-19,11:36:33,-07:00,2025-04-19T11:36:33-07:00,0,11
resume_style.css,45,css,21af0b51,Jassyq,2025-04-19,11:36:33,-07:00,2025-04-19T11:36:33-07:00,0,0
resume_style.css,46,css,21af0b51,Jassyq,2025-04-19,11:36:33,-07:00,2025-04-19T11:36:33-07:00,0,0
resume_style.css,47,css,21af0b51,Jassyq,2025-04-19,11:36:33,-07:00,2025-04-19T11:36:33-07:00,0,11
resume_style.css,48,css,21af0b51,Jassyq,2025-04-19,11:36:33,-07:00,2025-04-19T11:36:33-07:00,0,16
resume_style.css,49,css,21af0b51,Jassyq,2025-04-19,11:36:33,-07:00,2025-04-19T11:36:33-07:00,0,17
resume_style.css,50,css,21af0b51,Jassyq,2025-04-19,11:36:33,-07:00,2025-04-19T11:36:33-07:00,0,0
resume_style.css,51,css,21af0b51,Jassyq,2025-04-19,11:36:33,-07:00,2025-04-19T11:36:33-07:00,0,0
resume_style.css,52,css,21af0b51,Jassyq,2025-04-19,11:36:33,-07:00,2025-04-19T11:36:33-07:00,0,11
resume_style.css,53,css,21af0b51,Jassyq,2025-04-19,11:36:33,-07:00,2025-04-19T11:36:33-07:00,0,20
resume_style.css,54,css,21af0b51,Jassyq,2025-04-19,11:36:33,-07:00,2025-04-19T11:36:33-07:00,0,0
resume_style.css,55,css,21af0b51,Jassyq,2025-04-19,11:36:33,-07:00,2025-04-19T11:36:33-07:00,0,0
resume_style.css,56,css,21af0b51,Jassyq,2025-04-19,11:36:33,-07:00,2025-04-19T11:36:33-07:00,0,32
resume_style.css,57,css,21af0b51,Jassyq,2025-04-19,11:36:33,-07:00,2025-04-19T11:36:33-07:00,0,5
resume_style.css,58,css,21af0b51,Jassyq,2025-04-19,11:36:33,-07:00,2025-04-19T11:36:33-07:00,0,32
resume_style.css,59,css,21af0b51,Jassyq,2025-04-19,11:36:33,-07:00,2025-04-19T11:36:33-07:00,0,7
resume_style.css,60,css,21af0b51,Jassyq,2025-04-19,11:36:33,-07:00,2025-04-19T11:36:33-07:00,0,18
resume_style.css,61,css,21af0b51,Jassyq,2025-04-19,11:36:33,-07:00,2025-04-19T11:36:33-07:00,0,15
resume_style.css,62,css,21af0b51,Jassyq,2025-04-19,11:36:33,-07:00,2025-04-19T11:36:33-07:00,0,16
resume_style.css,63,css,21af0b51,Jassyq,2025-04-19,11:36:33,-07:00,2025-04-19T11:36:33-07:00,0,26
resume_style.css,64,css,21af0b51,Jassyq,2025-04-19,11:36:33,-07:00,2025-04-19T11:36:33-07:00,0,16
resume_style.css,65,css,21af0b51,Jassyq,2025-04-19,11:36:33,-07:00,2025-04-19T11:36:33-07:00,0,11
resume_style.css,66,css,21af0b51,Jassyq,2025-04-19,11:36:33,-07:00,2025-04-19T11:36:33-07:00,0,0
index.js,1,js,0bf4d3e5,Jassyq,2025-04-26,19:56:33,-07:00,2025-04-26T19:56:33-07:00,0,72
index.js,2,js,0bf4d3e5,Jassyq,2025-04-26,19:56:33,-07:00,2025-04-26T19:56:33-07:00,0,0
index.js,3,js,0bf4d3e5,Jassyq,2025-04-26,19:56:33,-07:00,2025-04-26T19:56:33-07:00,0,55
index.js,4,js,0bf4d3e5,Jassyq,2025-04-26,19:56:33,-07:00,2025-04-26T19:56:33-07:00,0,43
index.js,5,js,0bf4d3e5,Jassyq,2025-04-26,19:56:33,-07:00,2025-04-26T19:56:33-07:00,0,61
index.js,6,js,0bf4d3e5,Jassyq,2025-04-26,19:56:33,-07:00,2025-04-26T19:56:33-07:00,0,55
index.js,7,js,0bf4d3e5,Jassyq,2025-04-26,19:56:33,-07:00,2025-04-26T19:56:33-07:00,0,50
index.js,8,js,0bf4d3e5,Jassyq,2025-04-26,19:56:33,-07:00,2025-04-26T19:56:33-07:00,0,61
index.js,9,js,0bf4d3e5,Jassyq,2025-04-26,19:56:33,-07:00,2025-04-26T19:56:33-07:00,0,0
index.js,10,js,0bf4d3e5,Jassyq,2025-04-26,19:56:33,-07:00,2025-04-26T19:56:33-07:00,0,18
index.js,11,js,0bf4d3e5,Jassyq,2025-04-26,19:56:33,-07:00,2025-04-26T19:56:33-07:00,0,25
index.js,12,js,0bf4d3e5,Jassyq,2025-04-26,19:56:33,-07:00,2025-04-26T19:56:33-07:00,0,19
index.js,13,js,0bf4d3e5,Jassyq,2025-04-26,19:56:33,-07:00,2025-04-26T19:56:33-07:00,0,55
index.js,14,js,0bf4d3e5,Jassyq,2025-04-26,19:56:33,-07:00,2025-04-26T19:56:33-07:00,0,55
index.js,15,js,0bf4d3e5,Jassyq,2025-04-26,19:56:33,-07:00,2025-04-26T19:56:33-07:00,0,49
index.js,16,js,0bf4d3e5,Jassyq,2025-04-26,19:56:33,-07:00,2025-04-26T19:56:33-07:00,0,49
index.js,17,js,0bf4d3e5,Jassyq,2025-04-26,19:56:33,-07:00,2025-04-26T19:56:33-07:00,0,4
index.js,18,js,0bf4d3e5,Jassyq,2025-04-26,19:56:33,-07:00,2025-04-26T19:56:33-07:00,0,1
index.js,19,js,0bf4d3e5,Jassyq,2025-04-26,19:56:33,-07:00,2025-04-26T19:56:33-07:00,0,0
index.js,20,js,0bf4d3e5,Jassyq,2025-04-26,19:56:33,-07:00,2025-04-26T19:56:33-07:00,0,48
index.js,21,js,0bf4d3e5,Jassyq,2025-04-26,19:56:33,-07:00,2025-04-26T19:56:33-07:00,0,28
index.js,22,js,0bf4d3e5,Jassyq,2025-04-26,19:56:33,-07:00,2025-04-26T19:56:33-07:00,0,24
index.js,23,js,0bf4d3e5,Jassyq,2025-04-26,19:56:33,-07:00,2025-04-26T19:56:33-07:00,0,15
index.js,24,js,0bf4d3e5,Jassyq,2025-04-26,19:56:33,-07:00,2025-04-26T19:56:33-07:00,0,37
index.js,25,js,0bf4d3e5,Jassyq,2025-04-26,19:56:33,-07:00,2025-04-26T19:56:33-07:00,0,20
index.js,26,js,0bf4d3e5,Jassyq,2025-04-26,19:56:33,-07:00,2025-04-26T19:56:33-07:00,0,15
index.js,27,js,0bf4d3e5,Jassyq,2025-04-26,19:56:33,-07:00,2025-04-26T19:56:33-07:00,0,2
index.js,28,js,0bf4d3e5,Jassyq,2025-04-26,19:56:33,-07:00,2025-04-26T19:56:33-07:00,0,0
index.js,29,js,0bf4d3e5,Jassyq,2025-04-26,19:56:33,-07:00,2025-04-26T19:56:33-07:00,0,34
index.js,30,js,0bf4d3e5,Jassyq,2025-04-26,19:56:33,-07:00,2025-04-26T19:56:33-07:00,0,40
index.js,31,js,0bf4d3e5,Jassyq,2025-04-26,19:56:33,-07:00,2025-04-26T19:56:33-07:00,0,24
index.js,32,js,0bf4d3e5,Jassyq,2025-04-26,19:56:33,-07:00,2025-04-26T19:56:33-07:00,0,12
index.js,33,js,0bf4d3e5,Jassyq,2025-04-26,19:56:33,-07:00,2025-04-26T19:56:33-07:00,0,19
index.js,34,js,0bf4d3e5,Jassyq,2025-04-26,19:56:33,-07:00,2025-04-26T19:56:33-07:00,0,20
index.js,35,js,0bf4d3e5,Jassyq,2025-04-26,19:56:33,-07:00,2025-04-26T19:56:33-07:00,0,26
index.js,36,js,0bf4d3e5,Jassyq,2025-04-26,19:56:33,-07:00,2025-04-26T19:56:33-07:00,0,25
index.js,37,js,0bf4d3e5,Jassyq,2025-04-26,19:56:33,-07:00,2025-04-26T19:56:33-07:00,0,10
index.js,38,js,0bf4d3e5,Jassyq,2025-04-26,19:56:33,-07:00,2025-04-26T19:56:33-07:00,0,2
index.js,39,js,0bf4d3e5,Jassyq,2025-04-26,19:56:33,-07:00,2025-04-26T19:56:33-07:00,0,59
index.js,40,js,0bf4d3e5,Jassyq,2025-04-26,19:56:33,-07:00,2025-04-26T19:56:33-07:00,0,37
index.js,41,js,0bf4d3e5,Jassyq,2025-04-26,19:56:33,-07:00,2025-04-26T19:56:33-07:00,0,2
index.js,42,js,0bf4d3e5,Jassyq,2025-04-26,19:56:33,-07:00,2025-04-26T19:56:33-07:00,0,0
index.js,43,js,0bf4d3e5,Jassyq,2025-04-26,19:56:33,-07:00,2025-04-26T19:56:33-07:00,0,34
index.js,44,js,0bf4d3e5,Jassyq,2025-04-26,19:56:33,-07:00,2025-04-26T19:56:33-07:00,0,40
index.js,45,js,0bf4d3e5,Jassyq,2025-04-26,19:56:33,-07:00,2025-04-26T19:56:33-07:00,0,24
index.js,46,js,0bf4d3e5,Jassyq,2025-04-26,19:56:33,-07:00,2025-04-26T19:56:33-07:00,0,12
index.js,47,js,0bf4d3e5,Jassyq,2025-04-26,19:56:33,-07:00,2025-04-26T19:56:33-07:00,0,11
index.js,48,js,0bf4d3e5,Jassyq,2025-04-26,19:56:33,-07:00,2025-04-26T19:56:33-07:00,0,19
index.js,49,js,0bf4d3e5,Jassyq,2025-04-26,19:56:33,-07:00,2025-04-26T19:56:33-07:00,0,17
index.js,50,js,0bf4d3e5,Jassyq,2025-04-26,19:56:33,-07:00,2025-04-26T19:56:33-07:00,0,18
index.js,51,js,0bf4d3e5,Jassyq,2025-04-26,19:56:33,-07:00,2025-04-26T19:56:33-07:00,0,2
index.js,52,js,0bf4d3e5,Jassyq,2025-04-26,19:56:33,-07:00,2025-04-26T19:56:33-07:00,0,2
index.js,53,js,0bf4d3e5,Jassyq,2025-04-26,19:56:33,-07:00,2025-04-26T19:56:33-07:00,0,0
index.html,1,html,3aa4d898,Jassyq,2025-04-04,17:29:35,-07:00,2025-04-04T17:29:35-07:00,0,14
index.html,2,html,3aa4d898,Jassyq,2025-04-04,17:29:35,-07:00,2025-04-04T17:29:35-07:00,0,15
index.html,3,html,21af0b51,Jassyq,2025-04-19,11:36:33,-07:00,2025-04-19T11:36:33-07:00,0,5
index.html,4,html,21af0b51,Jassyq,2025-04-19,11:36:33,-07:00,2025-04-19T11:36:33-07:00,0,23
index.html,5,html,21af0b51,Jassyq,2025-04-19,11:36:33,-07:00,2025-04-19T11:36:33-07:00,0,71
index.html,6,html,21af0b51,Jassyq,2025-04-19,11:36:33,-07:00,2025-04-19T11:36:33-07:00,0,52
index.html,7,html,21af0b51,Jassyq,2025-04-19,11:36:33,-07:00,2025-04-19T11:36:33-07:00,0,41
index.html,8,html,21af0b51,Jassyq,2025-04-19,11:36:33,-07:00,2025-04-19T11:36:33-07:00,0,6
index.html,9,html,21af0b51,Jassyq,2025-04-19,11:36:33,-07:00,2025-04-19T11:36:33-07:00,0,5
index.html,10,html,21af0b51,Jassyq,2025-04-19,11:36:33,-07:00,2025-04-19T11:36:33-07:00,0,17
index.html,11,html,0bf4d3e5,Jassyq,2025-04-26,19:56:33,-07:00,2025-04-26T19:56:33-07:00,0,23
index.html,12,html,0bf4d3e5,Jassyq,2025-04-26,19:56:33,-07:00,2025-04-26T19:56:33-07:00,0,22
index.html,13,html,0bf4d3e5,Jassyq,2025-04-26,19:56:33,-07:00,2025-04-26T19:56:33-07:00,0,5
index.html,14,html,0bf4d3e5,Jassyq,2025-04-26,19:56:33,-07:00,2025-04-26T19:56:33-07:00,0,0
index.html,15,html,21af0b51,Jassyq,2025-04-19,11:36:33,-07:00,2025-04-19T11:36:33-07:00,0,3
index.html,16,html,21af0b51,Jassyq,2025-04-19,11:36:33,-07:00,2025-04-19T11:36:33-07:00,0,26
index.html,17,html,21af0b51,Jassyq,2025-04-19,11:36:33,-07:00,2025-04-19T11:36:33-07:00,0,23
index.html,18,html,21af0b51,Jassyq,2025-04-19,11:36:33,-07:00,2025-04-19T11:36:33-07:00,0,10
index.html,19,html,21af0b51,Jassyq,2025-04-19,11:36:33,-07:00,2025-04-19T11:36:33-07:00,0,1
index.html,20,html,21af0b51,Jassyq,2025-04-19,11:36:33,-07:00,2025-04-19T11:36:33-07:00,0,2
index.html,21,html,21af0b51,Jassyq,2025-04-19,11:36:33,-07:00,2025-04-19T11:36:33-07:00,0,70
index.html,22,html,21af0b51,Jassyq,2025-04-19,11:36:33,-07:00,2025-04-19T11:36:33-07:00,0,28
index.html,23,html,21af0b51,Jassyq,2025-04-19,11:36:33,-07:00,2025-04-19T11:36:33-07:00,0,3
index.html,24,html,0bf4d3e5,Jassyq,2025-04-26,19:56:33,-07:00,2025-04-26T19:56:33-07:00,0,0
index.html,25,html,0bf4d3e5,Jassyq,2025-04-26,19:56:33,-07:00,2025-04-26T19:56:33-07:00,0,23
index.html,26,html,0bf4d3e5,Jassyq,2025-04-26,19:56:33,-07:00,2025-04-26T19:56:33-07:00,0,21
index.html,27,html,0bf4d3e5,Jassyq,2025-04-26,19:56:33,-07:00,2025-04-26T19:56:33-07:00,0,50
index.html,28,html,0bf4d3e5,Jassyq,2025-04-26,19:56:33,-07:00,2025-04-26T19:56:33-07:00,0,5
index.html,29,html,8ffa5b45,Jassyq,2025-04-26,20:09:03,-07:00,2025-04-26T20:09:03-07:00,0,52
index.html,30,html,8ffa5b45,Jassyq,2025-04-26,20:09:03,-07:00,2025-04-26T20:09:03-07:00,0,52
index.html,31,html,21af0b51,Jassyq,2025-04-19,11:36:33,-07:00,2025-04-19T11:36:33-07:00,0,6
index.html,32,html,3aa4d898,Jassyq,2025-04-04,17:29:35,-07:00,2025-04-04T17:29:35-07:00,0,6
global.js,1,js,21af0b51,Jassyq,2025-04-19,11:36:33,-07:00,2025-04-19T11:36:33-07:00,0,26
global.js,2,js,21af0b51,Jassyq,2025-04-19,11:36:33,-07:00,2025-04-19T11:36:33-07:00,0,0
global.js,3,js,21af0b51,Jassyq,2025-04-19,11:36:33,-07:00,2025-04-19T11:36:33-07:00,0,14
global.js,4,js,b2075f65,Jassyq,2025-04-19,13:53:02,-07:00,2025-04-19T13:53:02-07:00,0,26
global.js,5,js,b2075f65,Jassyq,2025-04-19,13:53:02,-07:00,2025-04-19T13:53:02-07:00,0,39
global.js,6,js,b2075f65,Jassyq,2025-04-19,13:53:02,-07:00,2025-04-19T13:53:02-07:00,0,31
global.js,7,js,b2075f65,Jassyq,2025-04-19,13:53:02,-07:00,2025-04-19T13:53:02-07:00,0,39
global.js,8,js,00000000,Not Committed Yet,2025-05-06,19:43:43,-07:00,2025-05-06T19:43:43-07:00,0,31
global.js,9,js,21af0b51,Jassyq,2025-04-19,11:36:33,-07:00,2025-04-19T11:36:33-07:00,0,53
global.js,10,js,00000000,Not Committed Yet,2025-05-06,19:43:43,-07:00,2025-05-06T19:43:43-07:00,0,0
global.js,11,js,21af0b51,Jassyq,2025-04-19,11:36:33,-07:00,2025-04-19T11:36:33-07:00,0,1
global.js,12,js,21af0b51,Jassyq,2025-04-19,11:36:33,-07:00,2025-04-19T11:36:33-07:00,0,0
global.js,13,js,d18e8b4b,Jassyq,2025-04-19,14:12:49,-07:00,2025-04-19T14:12:49-07:00,0,46
global.js,14,js,d18e8b4b,Jassyq,2025-04-19,14:12:49,-07:00,2025-04-19T14:12:49-07:00,0,39
global.js,15,js,21af0b51,Jassyq,2025-04-19,11:36:33,-07:00,2025-04-19T11:36:33-07:00,0,26
global.js,16,js,21af0b51,Jassyq,2025-04-19,11:36:33,-07:00,2025-04-19T11:36:33-07:00,0,0
global.js,17,js,d18e8b4b,Jassyq,2025-04-19,14:12:49,-07:00,2025-04-19T14:12:49-07:00,0,55
global.js,18,js,d18e8b4b,Jassyq,2025-04-19,14:12:49,-07:00,2025-04-19T14:12:49-07:00,0,89
global.js,19,js,d18e8b4b,Jassyq,2025-04-19,14:12:49,-07:00,2025-04-19T14:12:49-07:00,0,32
global.js,20,js,d18e8b4b,Jassyq,2025-04-19,14:12:49,-07:00,2025-04-19T14:12:49-07:00,0,51
global.js,21,js,21af0b51,Jassyq,2025-04-19,11:36:33,-07:00,2025-04-19T11:36:33-07:00,0,0
global.js,22,js,d18e8b4b,Jassyq,2025-04-19,14:12:49,-07:00,2025-04-19T14:12:49-07:00,0,63
global.js,23,js,21af0b51,Jassyq,2025-04-19,11:36:33,-07:00,2025-04-19T11:36:33-07:00,0,21
global.js,24,js,d18e8b4b,Jassyq,2025-04-19,14:12:49,-07:00,2025-04-19T14:12:49-07:00,0,17
global.js,25,js,d18e8b4b,Jassyq,2025-04-19,14:12:49,-07:00,2025-04-19T14:12:49-07:00,0,19
global.js,26,js,21af0b51,Jassyq,2025-04-19,11:36:33,-07:00,2025-04-19T11:36:33-07:00,0,0
global.js,27,js,d18e8b4b,Jassyq,2025-04-19,14:12:49,-07:00,2025-04-19T14:12:49-07:00,0,41
global.js,28,js,d18e8b4b,Jassyq,2025-04-19,14:12:49,-07:00,2025-04-19T14:12:49-07:00,0,52
global.js,29,js,d18e8b4b,Jassyq,2025-04-19,14:12:49,-07:00,2025-04-19T14:12:49-07:00,0,0
global.js,30,js,d18e8b4b,Jassyq,2025-04-19,14:12:49,-07:00,2025-04-19T14:12:49-07:00,0,25
global.js,31,js,d18e8b4b,Jassyq,2025-04-19,14:12:49,-07:00,2025-04-19T14:12:49-07:00,0,35
global.js,32,js,d18e8b4b,Jassyq,2025-04-19,14:12:49,-07:00,2025-04-19T14:12:49-07:00,0,19
global.js,33,js,d18e8b4b,Jassyq,2025-04-19,14:12:49,-07:00,2025-04-19T14:12:49-07:00,0,21
global.js,34,js,21af0b51,Jassyq,2025-04-19,11:36:33,-07:00,2025-04-19T11:36:33-07:00,0,0
global.js,35,js,d18e8b4b,Jassyq,2025-04-19,14:12:49,-07:00,2025-04-19T14:12:49-07:00,0,34
global.js,36,js,21af0b51,Jassyq,2025-04-19,11:36:33,-07:00,2025-04-19T11:36:33-07:00,0,30
global.js,37,js,d18e8b4b,Jassyq,2025-04-19,14:12:49,-07:00,2025-04-19T14:12:49-07:00,0,19
global.js,38,js,d18e8b4b,Jassyq,2025-04-19,14:12:49,-07:00,2025-04-19T14:12:49-07:00,0,32
global.js,39,js,21af0b51,Jassyq,2025-04-19,11:36:33,-07:00,2025-04-19T11:36:33-07:00,0,0
global.js,40,js,21af0b51,Jassyq,2025-04-19,11:36:33,-07:00,2025-04-19T11:36:33-07:00,0,0
global.js,41,js,d18e8b4b,Jassyq,2025-04-19,14:12:49,-07:00,2025-04-19T14:12:49-07:00,0,28
global.js,42,js,d18e8b4b,Jassyq,2025-04-19,14:12:49,-07:00,2025-04-19T14:12:49-07:00,0,18
global.js,43,js,d18e8b4b,Jassyq,2025-04-19,14:12:49,-07:00,2025-04-19T14:12:49-07:00,0,9
global.js,44,js,d18e8b4b,Jassyq,2025-04-19,14:12:49,-07:00,2025-04-19T14:12:49-07:00,0,59
global.js,45,js,d18e8b4b,Jassyq,2025-04-19,14:12:49,-07:00,2025-04-19T14:12:49-07:00,0,1
global.js,46,js,21af0b51,Jassyq,2025-04-19,11:36:33,-07:00,2025-04-19T11:36:33-07:00,0,0
global.js,47,js,d18e8b4b,Jassyq,2025-04-19,14:12:49,-07:00,2025-04-19T14:12:49-07:00,0,21
global.js,48,js,d18e8b4b,Jassyq,2025-04-19,14:12:49,-07:00,2025-04-19T14:12:49-07:00,0,13
global.js,49,js,21af0b51,Jassyq,2025-04-19,11:36:33,-07:00,2025-04-19T11:36:33-07:00,0,0
global.js,50,js,21af0b51,Jassyq,2025-04-19,11:36:33,-07:00,2025-04-19T11:36:33-07:00,0,0
global.js,51,js,21af0b51,Jassyq,2025-04-19,11:36:33,-07:00,2025-04-19T11:36:33-07:00,0,32
global.js,52,js,21af0b51,Jassyq,2025-04-19,11:36:33,-07:00,2025-04-19T11:36:33-07:00,0,12
global.js,53,js,21af0b51,Jassyq,2025-04-19,11:36:33,-07:00,2025-04-19T11:36:33-07:00,0,0
global.js,54,js,21af0b51,Jassyq,2025-04-19,11:36:33,-07:00,2025-04-19T11:36:33-07:00,1,27
global.js,55,js,21af0b51,Jassyq,2025-04-19,11:36:33,-07:00,2025-04-19T11:36:33-07:00,2,5
global.js,56,js,21af0b51,Jassyq,2025-04-19,11:36:33,-07:00,2025-04-19T11:36:33-07:00,2,7
global.js,57,js,21af0b51,Jassyq,2025-04-19,11:36:33,-07:00,2025-04-19T11:36:33-07:00,3,39
global.js,58,js,21af0b51,Jassyq,2025-04-19,11:36:33,-07:00,2025-04-19T11:36:33-07:00,0,35
global.js,59,js,21af0b51,Jassyq,2025-04-19,11:36:33,-07:00,2025-04-19T11:36:33-07:00,0,33
global.js,60,js,21af0b51,Jassyq,2025-04-19,11:36:33,-07:00,2025-04-19T11:36:33-07:00,2,8
global.js,61,js,21af0b51,Jassyq,2025-04-19,11:36:33,-07:00,2025-04-19T11:36:33-07:00,1,9
global.js,62,js,21af0b51,Jassyq,2025-04-19,11:36:33,-07:00,2025-04-19T11:36:33-07:00,0,1
global.js,63,js,21af0b51,Jassyq,2025-04-19,11:36:33,-07:00,2025-04-19T11:36:33-07:00,0,0
global.js,64,js,21af0b51,Jassyq,2025-04-19,11:36:33,-07:00,2025-04-19T11:36:33-07:00,0,61
global.js,65,js,21af0b51,Jassyq,2025-04-19,11:36:33,-07:00,2025-04-19T11:36:33-07:00,0,52
global.js,66,js,21af0b51,Jassyq,2025-04-19,11:36:33,-07:00,2025-04-19T11:36:33-07:00,0,41
global.js,67,js,21af0b51,Jassyq,2025-04-19,11:36:33,-07:00,2025-04-19T11:36:33-07:00,0,49
global.js,68,js,21af0b51,Jassyq,2025-04-19,11:36:33,-07:00,2025-04-19T11:36:33-07:00,0,50
global.js,69,js,21af0b51,Jassyq,2025-04-19,11:36:33,-07:00,2025-04-19T11:36:33-07:00,0,20
global.js,70,js,21af0b51,Jassyq,2025-04-19,11:36:33,-07:00,2025-04-19T11:36:33-07:00,0,0
global.js,71,js,21af0b51,Jassyq,2025-04-19,11:36:33,-07:00,2025-04-19T11:36:33-07:00,0,40
global.js,72,js,21af0b51,Jassyq,2025-04-19,11:36:33,-07:00,2025-04-19T11:36:33-07:00,0,50
global.js,73,js,21af0b51,Jassyq,2025-04-19,11:36:33,-07:00,2025-04-19T11:36:33-07:00,0,85
global.js,74,js,21af0b51,Jassyq,2025-04-19,11:36:33,-07:00,2025-04-19T11:36:33-07:00,0,51
global.js,75,js,21af0b51,Jassyq,2025-04-19,11:36:33,-07:00,2025-04-19T11:36:33-07:00,0,63
global.js,76,js,21af0b51,Jassyq,2025-04-19,11:36:33,-07:00,2025-04-19T11:36:33-07:00,0,46
global.js,77,js,21af0b51,Jassyq,2025-04-19,11:36:33,-07:00,2025-04-19T11:36:33-07:00,0,2
global.js,78,js,0bf4d3e5,Jassyq,2025-04-26,19:56:33,-07:00,2025-04-26T19:56:33-07:00,0,0
global.js,79,js,0bf4d3e5,Jassyq,2025-04-26,19:56:33,-07:00,2025-04-26T19:56:33-07:00,0,37
global.js,80,js,0bf4d3e5,Jassyq,2025-04-26,19:56:33,-07:00,2025-04-26T19:56:33-07:00,0,4
global.js,81,js,0bf4d3e5,Jassyq,2025-04-26,19:56:33,-07:00,2025-04-26T19:56:33-07:00,0,40
global.js,82,js,0bf4d3e5,Jassyq,2025-04-26,19:56:33,-07:00,2025-04-26T19:56:33-07:00,0,33
global.js,83,js,0bf4d3e5,Jassyq,2025-04-26,19:56:33,-07:00,2025-04-26T19:56:33-07:00,0,18
global.js,84,js,0bf4d3e5,Jassyq,2025-04-26,19:56:33,-07:00,2025-04-26T19:56:33-07:00,0,67
global.js,85,js,0bf4d3e5,Jassyq,2025-04-26,19:56:33,-07:00,2025-04-26T19:56:33-07:00,0,0
global.js,86,js,0bf4d3e5,Jassyq,2025-04-26,19:56:33,-07:00,2025-04-26T19:56:33-07:00,0,34
global.js,87,js,0bf4d3e5,Jassyq,2025-04-26,19:56:33,-07:00,2025-04-26T19:56:33-07:00,0,11
global.js,88,js,0bf4d3e5,Jassyq,2025-04-26,19:56:33,-07:00,2025-04-26T19:56:33-07:00,0,16
global.js,89,js,0bf4d3e5,Jassyq,2025-04-26,19:56:33,-07:00,2025-04-26T19:56:33-07:00,0,60
global.js,90,js,0bf4d3e5,Jassyq,2025-04-26,19:56:33,-07:00,2025-04-26T19:56:33-07:00,0,0
global.js,91,js,0bf4d3e5,Jassyq,2025-04-26,19:56:33,-07:00,2025-04-26T19:56:33-07:00,0,0
global.js,92,js,0bf4d3e5,Jassyq,2025-04-26,19:56:33,-07:00,2025-04-26T19:56:33-07:00,0,0
global.js,93,js,0bf4d3e5,Jassyq,2025-04-26,19:56:33,-07:00,2025-04-26T19:56:33-07:00,0,80
global.js,94,js,0bf4d3e5,Jassyq,2025-04-26,19:56:33,-07:00,2025-04-26T19:56:33-07:00,0,31
global.js,95,js,0bf4d3e5,Jassyq,2025-04-26,19:56:33,-07:00,2025-04-26T19:56:33-07:00,0,30
global.js,96,js,0bf4d3e5,Jassyq,2025-04-26,19:56:33,-07:00,2025-04-26T19:56:33-07:00,0,49
global.js,97,js,0bf4d3e5,Jassyq,2025-04-26,19:56:33,-07:00,2025-04-26T19:56:33-07:00,0,20
global.js,98,js,0bf4d3e5,Jassyq,2025-04-26,19:56:33,-07:00,2025-04-26T19:56:33-07:00,0,24
global.js,99,js,2c835465,Jassyq,2025-05-02,13:54:57,-07:00,2025-05-02T13:54:57-07:00,0,45
global.js,100,js,0bf4d3e5,Jassyq,2025-04-26,19:56:33,-07:00,2025-04-26T19:56:33-07:00,0,50
global.js,101,js,0bf4d3e5,Jassyq,2025-04-26,19:56:33,-07:00,2025-04-26T19:56:33-07:00,0,28
global.js,102,js,2c835465,Jassyq,2025-05-02,13:54:57,-07:00,2025-05-02T13:54:57-07:00,0,0
global.js,103,js,0bf4d3e5,Jassyq,2025-04-26,19:56:33,-07:00,2025-04-26T19:56:33-07:00,0,1
global.js,104,js,0bf4d3e5,Jassyq,2025-04-26,19:56:33,-07:00,2025-04-26T19:56:33-07:00,0,37
global.js,105,js,0bf4d3e5,Jassyq,2025-04-26,19:56:33,-07:00,2025-04-26T19:56:33-07:00,0,2
global.js,106,js,0bf4d3e5,Jassyq,2025-04-26,19:56:33,-07:00,2025-04-26T19:56:33-07:00,0,0
global.js,107,js,0bf4d3e5,Jassyq,2025-04-26,19:56:33,-07:00,2025-04-26T19:56:33-07:00,0,0
global.js,108,js,0bf4d3e5,Jassyq,2025-04-26,19:56:33,-07:00,2025-04-26T19:56:33-07:00,0,48
global.js,109,js,0bf4d3e5,Jassyq,2025-04-26,19:56:33,-07:00,2025-04-26T19:56:33-07:00,0,60
global.js,110,js,0bf4d3e5,Jassyq,2025-04-26,19:56:33,-07:00,2025-04-26T19:56:33-07:00,0,0
resume/index.html,1,html,6f3365d2,Jassyq,2025-04-04,20:45:40,-07:00,2025-04-04T20:45:40-07:00,0,14
resume/index.html,2,html,6f3365d2,Jassyq,2025-04-04,20:45:40,-07:00,2025-04-04T20:45:40-07:00,0,15
resume/index.html,3,html,6f3365d2,Jassyq,2025-04-04,20:45:40,-07:00,2025-04-04T20:45:40-07:00,0,5
resume/index.html,4,html,5eceb152,Jassyq,2025-04-12,20:03:14,-07:00,2025-04-12T20:03:14-07:00,0,21
resume/index.html,5,html,5eceb152,Jassyq,2025-04-12,20:03:14,-07:00,2025-04-12T20:03:14-07:00,0,69
resume/index.html,6,html,21af0b51,Jassyq,2025-04-19,11:36:33,-07:00,2025-04-19T11:36:33-07:00,0,44
resume/index.html,7,html,5eceb152,Jassyq,2025-04-12,20:03:14,-07:00,2025-04-12T20:03:14-07:00,0,51
resume/index.html,8,html,5eceb152,Jassyq,2025-04-12,20:03:14,-07:00,2025-04-12T20:03:14-07:00,0,28
resume/index.html,9,html,6f3365d2,Jassyq,2025-04-04,20:45:40,-07:00,2025-04-04T20:45:40-07:00,0,6
resume/index.html,10,html,6f3365d2,Jassyq,2025-04-04,20:45:40,-07:00,2025-04-04T20:45:40-07:00,0,5
resume/index.html,11,html,5eceb152,Jassyq,2025-04-12,20:03:14,-07:00,2025-04-12T20:03:14-07:00,0,7
resume/index.html,12,html,5eceb152,Jassyq,2025-04-12,20:03:14,-07:00,2025-04-12T20:03:14-07:00,0,17
resume/index.html,13,html,5eceb152,Jassyq,2025-04-12,20:03:14,-07:00,2025-04-12T20:03:14-07:00,0,143
resume/index.html,14,html,5eceb152,Jassyq,2025-04-12,20:03:14,-07:00,2025-04-12T20:03:14-07:00,0,8
resume/index.html,15,html,5eceb152,Jassyq,2025-04-12,20:03:14,-07:00,2025-04-12T20:03:14-07:00,0,0
resume/index.html,16,html,5eceb152,Jassyq,2025-04-12,20:03:14,-07:00,2025-04-12T20:03:14-07:00,0,5
resume/index.html,17,html,b2075f65,Jassyq,2025-04-19,13:53:02,-07:00,2025-04-19T13:53:02-07:00,0,13
resume/index.html,18,html,5eceb152,Jassyq,2025-04-12,20:03:14,-07:00,2025-04-12T20:03:14-07:00,0,26
resume/index.html,19,html,5eceb152,Jassyq,2025-04-12,20:03:14,-07:00,2025-04-12T20:03:14-07:00,0,14
resume/index.html,20,html,5eceb152,Jassyq,2025-04-12,20:03:14,-07:00,2025-04-12T20:03:14-07:00,0,9
resume/index.html,21,html,6f3365d2,Jassyq,2025-04-04,20:45:40,-07:00,2025-04-04T20:45:40-07:00,0,0
resume/index.html,22,html,5eceb152,Jassyq,2025-04-12,20:03:14,-07:00,2025-04-12T20:03:14-07:00,0,23
resume/index.html,23,html,5eceb152,Jassyq,2025-04-12,20:03:14,-07:00,2025-04-12T20:03:14-07:00,0,17
resume/index.html,24,html,5eceb152,Jassyq,2025-04-12,20:03:14,-07:00,2025-04-12T20:03:14-07:00,0,8
resume/index.html,25,html,5eceb152,Jassyq,2025-04-12,20:03:14,-07:00,2025-04-12T20:03:14-07:00,0,25
resume/index.html,26,html,5eceb152,Jassyq,2025-04-12,20:03:14,-07:00,2025-04-12T20:03:14-07:00,0,26
resume/index.html,27,html,5eceb152,Jassyq,2025-04-12,20:03:14,-07:00,2025-04-12T20:03:14-07:00,0,44
resume/index.html,28,html,5eceb152,Jassyq,2025-04-12,20:03:14,-07:00,2025-04-12T20:03:14-07:00,0,9
resume/index.html,29,html,5eceb152,Jassyq,2025-04-12,20:03:14,-07:00,2025-04-12T20:03:14-07:00,0,9
resume/index.html,30,html,5eceb152,Jassyq,2025-04-12,20:03:14,-07:00,2025-04-12T20:03:14-07:00,0,18
resume/index.html,31,html,5eceb152,Jassyq,2025-04-12,20:03:14,-07:00,2025-04-12T20:03:14-07:00,0,23
resume/index.html,32,html,5eceb152,Jassyq,2025-04-12,20:03:14,-07:00,2025-04-12T20:03:14-07:00,0,8
resume/index.html,33,html,5eceb152,Jassyq,2025-04-12,20:03:14,-07:00,2025-04-12T20:03:14-07:00,0,34
resume/index.html,34,html,5eceb152,Jassyq,2025-04-12,20:03:14,-07:00,2025-04-12T20:03:14-07:00,0,42
resume/index.html,35,html,6f3365d2,Jassyq,2025-04-04,20:45:40,-07:00,2025-04-04T20:45:40-07:00,0,3
resume/index.html,36,html,5eceb152,Jassyq,2025-04-12,20:03:14,-07:00,2025-04-12T20:03:14-07:00,0,38
resume/index.html,37,html,5eceb152,Jassyq,2025-04-12,20:03:14,-07:00,2025-04-12T20:03:14-07:00,0,39
resume/index.html,38,html,6f3365d2,Jassyq,2025-04-04,20:45:40,-07:00,2025-04-04T20:45:40-07:00,0,4
resume/index.html,39,html,5eceb152,Jassyq,2025-04-12,20:03:14,-07:00,2025-04-12T20:03:14-07:00,0,9
resume/index.html,40,html,5eceb152,Jassyq,2025-04-12,20:03:14,-07:00,2025-04-12T20:03:14-07:00,0,9
resume/index.html,41,html,6f3365d2,Jassyq,2025-04-04,20:45:40,-07:00,2025-04-04T20:45:40-07:00,0,0
resume/index.html,42,html,5eceb152,Jassyq,2025-04-12,20:03:14,-07:00,2025-04-12T20:03:14-07:00,0,20
resume/index.html,43,html,5eceb152,Jassyq,2025-04-12,20:03:14,-07:00,2025-04-12T20:03:14-07:00,0,14
resume/index.html,44,html,5eceb152,Jassyq,2025-04-12,20:03:14,-07:00,2025-04-12T20:03:14-07:00,0,3
resume/index.html,45,html,5eceb152,Jassyq,2025-04-12,20:03:14,-07:00,2025-04-12T20:03:14-07:00,0,37
resume/index.html,46,html,5eceb152,Jassyq,2025-04-12,20:03:14,-07:00,2025-04-12T20:03:14-07:00,0,44
resume/index.html,47,html,5eceb152,Jassyq,2025-04-12,20:03:14,-07:00,2025-04-12T20:03:14-07:00,0,4
resume/index.html,48,html,5eceb152,Jassyq,2025-04-12,20:03:14,-07:00,2025-04-12T20:03:14-07:00,0,9
resume/index.html,49,html,5eceb152,Jassyq,2025-04-12,20:03:14,-07:00,2025-04-12T20:03:14-07:00,0,6
resume/index.html,50,html,5eceb152,Jassyq,2025-04-12,20:03:14,-07:00,2025-04-12T20:03:14-07:00,0,0
resume/index.html,51,html,5eceb152,Jassyq,2025-04-12,20:03:14,-07:00,2025-04-12T20:03:14-07:00,0,7
resume/index.html,52,html,b2075f65,Jassyq,2025-04-19,13:53:02,-07:00,2025-04-19T13:53:02-07:00,0,15
resume/index.html,53,html,5eceb152,Jassyq,2025-04-12,20:03:14,-07:00,2025-04-12T20:03:14-07:00,0,27
resume/index.html,54,html,5eceb152,Jassyq,2025-04-12,20:03:14,-07:00,2025-04-12T20:03:14-07:00,0,8
resume/index.html,55,html,21af0b51,Jassyq,2025-04-19,11:36:33,-07:00,2025-04-19T11:36:33-07:00,0,49
resume/index.html,56,html,6f3365d2,Jassyq,2025-04-04,20:45:40,-07:00,2025-04-04T20:45:40-07:00,0,6
resume/index.html,57,html,5eceb152,Jassyq,2025-04-12,20:03:14,-07:00,2025-04-12T20:03:14-07:00,0,6
resume/index.html,58,html,dda2bb2c,Jassyq,2025-04-19,11:54:14,-07:00,2025-04-19T11:54:14-07:00,0,0
projects/projects.js,1,js,0bf4d3e5,Jassyq,2025-04-26,19:56:33,-07:00,2025-04-26T19:56:33-07:00,0,56
projects/projects.js,2,js,2c835465,Jassyq,2025-05-02,13:54:57,-07:00,2025-05-02T13:54:57-07:00,0,64
projects/projects.js,3,js,2c835465,Jassyq,2025-05-02,13:54:57,-07:00,2025-05-02T13:54:57-07:00,0,0
projects/projects.js,4,js,0bf87a99,Jassyq,2025-05-03,16:38:24,-07:00,2025-05-03T16:38:24-07:00,0,22
projects/projects.js,5,js,0bf87a99,Jassyq,2025-05-03,16:38:24,-07:00,2025-05-03T16:38:24-07:00,0,14
projects/projects.js,6,js,0bf87a99,Jassyq,2025-05-03,16:38:24,-07:00,2025-05-03T16:38:24-07:00,0,0
projects/projects.js,7,js,0bf4d3e5,Jassyq,2025-04-26,19:56:33,-07:00,2025-04-26T19:56:33-07:00,0,61
projects/projects.js,8,js,86f6e765,Jassyq,2025-05-02,18:59:03,-07:00,2025-05-02T18:59:03-07:00,0,0
projects/projects.js,9,js,0bf87a99,Jassyq,2025-05-03,16:38:24,-07:00,2025-05-03T16:38:24-07:00,0,22
projects/projects.js,10,js,dc849a64,Jassyq,2025-05-03,17:53:34,-07:00,2025-05-03T17:53:34-07:00,0,25
projects/projects.js,11,js,dc849a64,Jassyq,2025-05-03,17:53:34,-07:00,2025-05-03T17:53:34-07:00,0,26
projects/projects.js,12,js,dc849a64,Jassyq,2025-05-03,17:53:34,-07:00,2025-05-03T17:53:34-07:00,0,39
projects/projects.js,13,js,0bf87a99,Jassyq,2025-05-03,16:38:24,-07:00,2025-05-03T16:38:24-07:00,0,26
projects/projects.js,14,js,dc849a64,Jassyq,2025-05-03,17:53:34,-07:00,2025-05-03T17:53:34-07:00,0,38
projects/projects.js,15,js,dc849a64,Jassyq,2025-05-03,17:53:34,-07:00,2025-05-03T17:53:34-07:00,0,24
projects/projects.js,16,js,dc849a64,Jassyq,2025-05-03,17:53:34,-07:00,2025-05-03T17:53:34-07:00,0,11
projects/projects.js,17,js,0bf87a99,Jassyq,2025-05-03,16:38:24,-07:00,2025-05-03T16:38:24-07:00,0,13
projects/projects.js,18,js,0bf87a99,Jassyq,2025-05-03,16:38:24,-07:00,2025-05-03T16:38:24-07:00,0,10
projects/projects.js,19,js,dc849a64,Jassyq,2025-05-03,17:53:34,-07:00,2025-05-03T17:53:34-07:00,0,23
projects/projects.js,20,js,dc849a64,Jassyq,2025-05-03,17:53:34,-07:00,2025-05-03T17:53:34-07:00,0,41
projects/projects.js,21,js,0bf87a99,Jassyq,2025-05-03,16:38:24,-07:00,2025-05-03T16:38:24-07:00,0,56
projects/projects.js,22,js,0bf87a99,Jassyq,2025-05-03,16:38:24,-07:00,2025-05-03T16:38:24-07:00,0,0
projects/projects.js,23,js,dc849a64,Jassyq,2025-05-03,17:53:34,-07:00,2025-05-03T17:53:34-07:00,0,41
projects/projects.js,24,js,dc849a64,Jassyq,2025-05-03,17:53:34,-07:00,2025-05-03T17:53:34-07:00,0,11
projects/projects.js,25,js,dc849a64,Jassyq,2025-05-03,17:53:34,-07:00,2025-05-03T17:53:34-07:00,0,29
projects/projects.js,26,js,dc849a64,Jassyq,2025-05-03,17:53:34,-07:00,2025-05-03T17:53:34-07:00,0,32
projects/projects.js,27,js,dc849a64,Jassyq,2025-05-03,17:53:34,-07:00,2025-05-03T17:53:34-07:00,0,13
projects/projects.js,28,js,dc849a64,Jassyq,2025-05-03,17:53:34,-07:00,2025-05-03T17:53:34-07:00,0,7
projects/projects.js,29,js,dc849a64,Jassyq,2025-05-03,17:53:34,-07:00,2025-05-03T17:53:34-07:00,0,13
projects/projects.js,30,js,dc849a64,Jassyq,2025-05-03,17:53:34,-07:00,2025-05-03T17:53:34-07:00,0,17
projects/projects.js,31,js,dc849a64,Jassyq,2025-05-03,17:53:34,-07:00,2025-05-03T17:53:34-07:00,0,16
projects/projects.js,32,js,dc849a64,Jassyq,2025-05-03,17:53:34,-07:00,2025-05-03T17:53:34-07:00,0,25
projects/projects.js,33,js,dc849a64,Jassyq,2025-05-03,17:53:34,-07:00,2025-05-03T17:53:34-07:00,0,23
projects/projects.js,34,js,dc849a64,Jassyq,2025-05-03,17:53:34,-07:00,2025-05-03T17:53:34-07:00,0,2
projects/projects.js,35,js,dc849a64,Jassyq,2025-05-03,17:53:34,-07:00,2025-05-03T17:53:34-07:00,0,0
projects/projects.js,36,js,dc849a64,Jassyq,2025-05-03,17:53:34,-07:00,2025-05-03T17:53:34-07:00,0,36
projects/projects.js,37,js,0bf87a99,Jassyq,2025-05-03,16:38:24,-07:00,2025-05-03T16:38:24-07:00,0,49
projects/projects.js,38,js,0bf87a99,Jassyq,2025-05-03,16:38:24,-07:00,2025-05-03T16:38:24-07:00,0,23
projects/projects.js,39,js,dc849a64,Jassyq,2025-05-03,17:53:34,-07:00,2025-05-03T17:53:34-07:00,0,51
projects/projects.js,40,js,c7ec3c5f,Jassyq,2025-05-03,17:05:01,-07:00,2025-05-03T17:05:01-07:00,0,35
projects/projects.js,41,js,dc849a64,Jassyq,2025-05-03,17:53:34,-07:00,2025-05-03T17:53:34-07:00,0,51
projects/projects.js,42,js,0bf87a99,Jassyq,2025-05-03,16:38:24,-07:00,2025-05-03T16:38:24-07:00,0,0
projects/projects.js,43,js,0bf87a99,Jassyq,2025-05-03,16:38:24,-07:00,2025-05-03T16:38:24-07:00,0,0
projects/projects.js,44,js,0bf87a99,Jassyq,2025-05-03,16:38:24,-07:00,2025-05-03T16:38:24-07:00,0,51
projects/projects.js,45,js,0bf87a99,Jassyq,2025-05-03,16:38:24,-07:00,2025-05-03T16:38:24-07:00,0,39
projects/projects.js,46,js,0bf87a99,Jassyq,2025-05-03,16:38:24,-07:00,2025-05-03T16:38:24-07:00,0,22
projects/projects.js,47,js,0bf87a99,Jassyq,2025-05-03,16:38:24,-07:00,2025-05-03T16:38:24-07:00,0,29
projects/projects.js,48,js,0bf87a99,Jassyq,2025-05-03,16:38:24,-07:00,2025-05-03T16:38:24-07:00,0,13
projects/projects.js,49,js,0bf87a99,Jassyq,2025-05-03,16:38:24,-07:00,2025-05-03T16:38:24-07:00,0,13
projects/projects.js,50,js,0bf87a99,Jassyq,2025-05-03,16:38:24,-07:00,2025-05-03T16:38:24-07:00,0,10
projects/projects.js,51,js,0bf87a99,Jassyq,2025-05-03,16:38:24,-07:00,2025-05-03T16:38:24-07:00,0,1
projects/projects.js,52,js,0bf87a99,Jassyq,2025-05-03,16:38:24,-07:00,2025-05-03T16:38:24-07:00,0,79
projects/projects.js,53,js,0bf87a99,Jassyq,2025-05-03,16:38:24,-07:00,2025-05-03T16:38:24-07:00,0,0
projects/projects.js,54,js,0bf87a99,Jassyq,2025-05-03,16:38:24,-07:00,2025-05-03T16:38:24-07:00,0,33
projects/projects.js,55,js,0bf87a99,Jassyq,2025-05-03,16:38:24,-07:00,2025-05-03T16:38:24-07:00,0,28
projects/projects.js,56,js,0bf87a99,Jassyq,2025-05-03,16:38:24,-07:00,2025-05-03T16:38:24-07:00,0,30
projects/projects.js,57,js,0bf87a99,Jassyq,2025-05-03,16:38:24,-07:00,2025-05-03T16:38:24-07:00,0,35
projects/projects.js,58,js,0bf87a99,Jassyq,2025-05-03,16:38:24,-07:00,2025-05-03T16:38:24-07:00,0,31
projects/projects.js,59,js,0bf87a99,Jassyq,2025-05-03,16:38:24,-07:00,2025-05-03T16:38:24-07:00,0,0
projects/projects.js,60,js,0bf87a99,Jassyq,2025-05-03,16:38:24,-07:00,2025-05-03T16:38:24-07:00,0,23
projects/projects.js,61,js,0bf87a99,Jassyq,2025-05-03,16:38:24,-07:00,2025-05-03T16:38:24-07:00,0,50
projects/projects.js,62,js,0bf87a99,Jassyq,2025-05-03,16:38:24,-07:00,2025-05-03T16:38:24-07:00,0,60
projects/projects.js,63,js,0bf87a99,Jassyq,2025-05-03,16:38:24,-07:00,2025-05-03T16:38:24-07:00,0,40
projects/projects.js,64,js,0bf87a99,Jassyq,2025-05-03,16:38:24,-07:00,2025-05-03T16:38:24-07:00,0,25
projects/projects.js,65,js,0bf87a99,Jassyq,2025-05-03,16:38:24,-07:00,2025-05-03T16:38:24-07:00,0,0
projects/projects.js,66,js,0bf87a99,Jassyq,2025-05-03,16:38:24,-07:00,2025-05-03T16:38:24-07:00,0,13
projects/projects.js,67,js,0bf87a99,Jassyq,2025-05-03,16:38:24,-07:00,2025-05-03T16:38:24-07:00,0,26
projects/projects.js,68,js,0bf87a99,Jassyq,2025-05-03,16:38:24,-07:00,2025-05-03T16:38:24-07:00,0,17
projects/projects.js,69,js,0bf87a99,Jassyq,2025-05-03,16:38:24,-07:00,2025-05-03T16:38:24-07:00,0,26
projects/projects.js,70,js,0bf87a99,Jassyq,2025-05-03,16:38:24,-07:00,2025-05-03T16:38:24-07:00,0,23
projects/projects.js,71,js,c7ec3c5f,Jassyq,2025-05-03,17:05:01,-07:00,2025-05-03T17:05:01-07:00,0,54
projects/projects.js,72,js,0bf87a99,Jassyq,2025-05-03,16:38:24,-07:00,2025-05-03T16:38:24-07:00,0,19
projects/projects.js,73,js,0bf87a99,Jassyq,2025-05-03,16:38:24,-07:00,2025-05-03T16:38:24-07:00,0,44
projects/projects.js,74,js,0bf87a99,Jassyq,2025-05-03,16:38:24,-07:00,2025-05-03T16:38:24-07:00,0,12
projects/projects.js,75,js,0bf87a99,Jassyq,2025-05-03,16:38:24,-07:00,2025-05-03T16:38:24-07:00,0,2
projects/projects.js,76,js,0bf87a99,Jassyq,2025-05-03,16:38:24,-07:00,2025-05-03T16:38:24-07:00,0,2
projects/projects.js,77,js,0bf87a99,Jassyq,2025-05-03,16:38:24,-07:00,2025-05-03T16:38:24-07:00,0,0
projects/projects.js,78,js,0bf87a99,Jassyq,2025-05-03,16:38:24,-07:00,2025-05-03T16:38:24-07:00,0,13
projects/projects.js,79,js,0bf87a99,Jassyq,2025-05-03,16:38:24,-07:00,2025-05-03T16:38:24-07:00,0,23
projects/projects.js,80,js,0bf87a99,Jassyq,2025-05-03,16:38:24,-07:00,2025-05-03T16:38:24-07:00,0,18
projects/projects.js,81,js,0bf87a99,Jassyq,2025-05-03,16:38:24,-07:00,2025-05-03T16:38:24-07:00,0,28
projects/projects.js,82,js,c7ec3c5f,Jassyq,2025-05-03,17:05:01,-07:00,2025-05-03T17:05:01-07:00,0,40
projects/projects.js,83,js,0bf87a99,Jassyq,2025-05-03,16:38:24,-07:00,2025-05-03T16:38:24-07:00,0,37
projects/projects.js,84,js,0bf87a99,Jassyq,2025-05-03,16:38:24,-07:00,2025-05-03T16:38:24-07:00,0,70
projects/projects.js,85,js,0bf87a99,Jassyq,2025-05-03,16:38:24,-07:00,2025-05-03T16:38:24-07:00,0,2
projects/projects.js,86,js,0bf87a99,Jassyq,2025-05-03,16:38:24,-07:00,2025-05-03T16:38:24-07:00,0,0
projects/projects.js,87,js,0bf87a99,Jassyq,2025-05-03,16:38:24,-07:00,2025-05-03T16:38:24-07:00,0,0
projects/projects.js,88,js,0bf87a99,Jassyq,2025-05-03,16:38:24,-07:00,2025-05-03T16:38:24-07:00,0,57
projects/projects.js,89,js,0bf87a99,Jassyq,2025-05-03,16:38:24,-07:00,2025-05-03T16:38:24-07:00,0,75
projects/projects.js,90,js,0bf87a99,Jassyq,2025-05-03,16:38:24,-07:00,2025-05-03T16:38:24-07:00,0,0
projects/projects.js,91,js,0bf87a99,Jassyq,2025-05-03,16:38:24,-07:00,2025-05-03T16:38:24-07:00,0,27
projects/projects.js,92,js,0bf87a99,Jassyq,2025-05-03,16:38:24,-07:00,2025-05-03T16:38:24-07:00,0,12
projects/projects.js,93,js,0bf87a99,Jassyq,2025-05-03,16:38:24,-07:00,2025-05-03T16:38:24-07:00,0,0
projects/projects.js,94,js,0bf87a99,Jassyq,2025-05-03,16:38:24,-07:00,2025-05-03T16:38:24-07:00,0,7
projects/projects.js,95,js,0bf87a99,Jassyq,2025-05-03,16:38:24,-07:00,2025-05-03T16:38:24-07:00,0,54
projects/projects.js,96,js,0bf87a99,Jassyq,2025-05-03,16:38:24,-07:00,2025-05-03T16:38:24-07:00,0,49
projects/projects.js,97,js,dc849a64,Jassyq,2025-05-03,17:53:34,-07:00,2025-05-03T17:53:34-07:00,0,31
projects/projects.js,98,js,0bf87a99,Jassyq,2025-05-03,16:38:24,-07:00,2025-05-03T16:38:24-07:00,0,26
projects/projects.js,99,js,dc849a64,Jassyq,2025-05-03,17:53:34,-07:00,2025-05-03T17:53:34-07:00,0,12
projects/projects.js,100,js,f237f9c8,Jassyq,2025-05-03,16:59:53,-07:00,2025-05-03T16:59:53-07:00,0,2
projects/index.html,1,html,6f3365d2,Jassyq,2025-04-04,20:45:40,-07:00,2025-04-04T20:45:40-07:00,0,14
projects/index.html,2,html,6f3365d2,Jassyq,2025-04-04,20:45:40,-07:00,2025-04-04T20:45:40-07:00,0,15
projects/index.html,3,html,6f3365d2,Jassyq,2025-04-04,20:45:40,-07:00,2025-04-04T20:45:40-07:00,0,5
projects/index.html,4,html,5eceb152,Jassyq,2025-04-12,20:03:14,-07:00,2025-04-12T20:03:14-07:00,0,21
projects/index.html,5,html,5eceb152,Jassyq,2025-04-12,20:03:14,-07:00,2025-04-12T20:03:14-07:00,0,69
projects/index.html,6,html,5eceb152,Jassyq,2025-04-12,20:03:14,-07:00,2025-04-12T20:03:14-07:00,0,44
projects/index.html,7,html,5eceb152,Jassyq,2025-04-12,20:03:14,-07:00,2025-04-12T20:03:14-07:00,0,22
projects/index.html,8,html,6f3365d2,Jassyq,2025-04-04,20:45:40,-07:00,2025-04-04T20:45:40-07:00,0,6
projects/index.html,9,html,6f3365d2,Jassyq,2025-04-04,20:45:40,-07:00,2025-04-04T20:45:40-07:00,0,5
projects/index.html,10,html,5eceb152,Jassyq,2025-04-12,20:03:14,-07:00,2025-04-12T20:03:14-07:00,0,16
projects/index.html,11,html,58840d96,Jassyq,2025-05-02,21:24:45,-07:00,2025-05-02T21:24:45-07:00,0,22
projects/index.html,12,html,0bf87a99,Jassyq,2025-05-03,16:38:24,-07:00,2025-05-03T16:38:24-07:00,0,53
projects/index.html,13,html,58840d96,Jassyq,2025-05-02,21:24:45,-07:00,2025-05-02T21:24:45-07:00,0,11
projects/index.html,14,html,58840d96,Jassyq,2025-05-02,21:24:45,-07:00,2025-05-02T21:24:45-07:00,0,5
projects/index.html,15,html,58840d96,Jassyq,2025-05-02,21:24:45,-07:00,2025-05-02T21:24:45-07:00,0,18
projects/index.html,16,html,58840d96,Jassyq,2025-05-02,21:24:45,-07:00,2025-05-02T21:24:45-07:00,0,11
projects/index.html,17,html,58840d96,Jassyq,2025-05-02,21:24:45,-07:00,2025-05-02T21:24:45-07:00,0,4
projects/index.html,18,html,58840d96,Jassyq,2025-05-02,21:24:45,-07:00,2025-05-02T21:24:45-07:00,0,5
projects/index.html,19,html,0bf87a99,Jassyq,2025-05-03,16:38:24,-07:00,2025-05-03T16:38:24-07:00,0,5
projects/index.html,20,html,0bf87a99,Jassyq,2025-05-03,16:38:24,-07:00,2025-05-03T16:38:24-07:00,0,16
projects/index.html,21,html,0bf87a99,Jassyq,2025-05-03,16:38:24,-07:00,2025-05-03T16:38:24-07:00,0,12
projects/index.html,22,html,0bf87a99,Jassyq,2025-05-03,16:38:24,-07:00,2025-05-03T16:38:24-07:00,0,27
projects/index.html,23,html,0bf87a99,Jassyq,2025-05-03,16:38:24,-07:00,2025-05-03T16:38:24-07:00,0,32
projects/index.html,24,html,0bf87a99,Jassyq,2025-05-03,16:38:24,-07:00,2025-05-03T16:38:24-07:00,0,1
projects/index.html,25,html,5eceb152,Jassyq,2025-04-12,20:03:14,-07:00,2025-04-12T20:03:14-07:00,0,21
projects/index.html,26,html,0bf4d3e5,Jassyq,2025-04-26,19:56:33,-07:00,2025-04-26T19:56:33-07:00,0,50
projects/index.html,27,html,5eceb152,Jassyq,2025-04-12,20:03:14,-07:00,2025-04-12T20:03:14-07:00,0,5
projects/index.html,28,html,0bf4d3e5,Jassyq,2025-04-26,19:56:33,-07:00,2025-04-26T19:56:33-07:00,0,49
projects/index.html,29,html,0bf4d3e5,Jassyq,2025-04-26,19:56:33,-07:00,2025-04-26T19:56:33-07:00,0,48
projects/index.html,30,html,6f3365d2,Jassyq,2025-04-04,20:45:40,-07:00,2025-04-04T20:45:40-07:00,0,6
projects/index.html,31,html,5eceb152,Jassyq,2025-04-12,20:03:14,-07:00,2025-04-12T20:03:14-07:00,0,6
contacts/index.html,1,html,6f3365d2,Jassyq,2025-04-04,20:45:40,-07:00,2025-04-04T20:45:40-07:00,0,14
contacts/index.html,2,html,6f3365d2,Jassyq,2025-04-04,20:45:40,-07:00,2025-04-04T20:45:40-07:00,0,15
contacts/index.html,3,html,5eceb152,Jassyq,2025-04-12,20:03:14,-07:00,2025-04-12T20:03:14-07:00,0,5
contacts/index.html,4,html,5eceb152,Jassyq,2025-04-12,20:03:14,-07:00,2025-04-12T20:03:14-07:00,0,23
contacts/index.html,5,html,5eceb152,Jassyq,2025-04-12,20:03:14,-07:00,2025-04-12T20:03:14-07:00,0,71
contacts/index.html,6,html,5eceb152,Jassyq,2025-04-12,20:03:14,-07:00,2025-04-12T20:03:14-07:00,0,44
contacts/index.html,7,html,5eceb152,Jassyq,2025-04-12,20:03:14,-07:00,2025-04-12T20:03:14-07:00,0,22
contacts/index.html,8,html,5eceb152,Jassyq,2025-04-12,20:03:14,-07:00,2025-04-12T20:03:14-07:00,0,6
contacts/index.html,9,html,5eceb152,Jassyq,2025-04-12,20:03:14,-07:00,2025-04-12T20:03:14-07:00,0,5
contacts/index.html,10,html,5eceb152,Jassyq,2025-04-12,20:03:14,-07:00,2025-04-12T20:03:14-07:00,0,7
contacts/index.html,11,html,5eceb152,Jassyq,2025-04-12,20:03:14,-07:00,2025-04-12T20:03:14-07:00,0,16
contacts/index.html,12,html,5eceb152,Jassyq,2025-04-12,20:03:14,-07:00,2025-04-12T20:03:14-07:00,0,8
contacts/index.html,13,html,5eceb152,Jassyq,2025-04-12,20:03:14,-07:00,2025-04-12T20:03:14-07:00,0,5
contacts/index.html,14,html,5eceb152,Jassyq,2025-04-12,20:03:14,-07:00,2025-04-12T20:03:14-07:00,0,75
contacts/index.html,15,html,6f3365d2,Jassyq,2025-04-04,20:45:40,-07:00,2025-04-04T20:45:40-07:00,0,0
contacts/index.html,16,html,5eceb152,Jassyq,2025-04-12,20:03:14,-07:00,2025-04-12T20:03:14-07:00,0,32
contacts/index.html,17,html,5eceb152,Jassyq,2025-04-12,20:03:14,-07:00,2025-04-12T20:03:14-07:00,0,54
contacts/index.html,18,html,5eceb152,Jassyq,2025-04-12,20:03:14,-07:00,2025-04-12T20:03:14-07:00,0,0
contacts/index.html,19,html,5eceb152,Jassyq,2025-04-12,20:03:14,-07:00,2025-04-12T20:03:14-07:00,0,36
contacts/index.html,20,html,5eceb152,Jassyq,2025-04-12,20:03:14,-07:00,2025-04-12T20:03:14-07:00,0,57
contacts/index.html,21,html,5eceb152,Jassyq,2025-04-12,20:03:14,-07:00,2025-04-12T20:03:14-07:00,0,0
contacts/index.html,22,html,5eceb152,Jassyq,2025-04-12,20:03:14,-07:00,2025-04-12T20:03:14-07:00,0,33
contacts/index.html,23,html,5eceb152,Jassyq,2025-04-12,20:03:14,-07:00,2025-04-12T20:03:14-07:00,0,70
contacts/index.html,24,html,5eceb152,Jassyq,2025-04-12,20:03:14,-07:00,2025-04-12T20:03:14-07:00,0,0
contacts/index.html,25,html,5eceb152,Jassyq,2025-04-12,20:03:14,-07:00,2025-04-12T20:03:14-07:00,0,34
contacts/index.html,26,html,6f3365d2,Jassyq,2025-04-04,20:45:40,-07:00,2025-04-04T20:45:40-07:00,0,0
contacts/index.html,27,html,5eceb152,Jassyq,2025-04-12,20:03:14,-07:00,2025-04-12T20:03:14-07:00,0,6
contacts/index.html,28,html,5eceb152,Jassyq,2025-04-12,20:03:14,-07:00,2025-04-12T20:03:14-07:00,0,6
contacts/index.html,29,html,5eceb152,Jassyq,2025-04-12,20:03:14,-07:00,2025-04-12T20:03:14-07:00,0,7
contacts/index.html,30,html,b2075f65,Jassyq,2025-04-19,13:53:02,-07:00,2025-04-19T13:53:02-07:00,0,22
contacts/index.html,31,html,5eceb152,Jassyq,2025-04-12,20:03:14,-07:00,2025-04-12T20:03:14-07:00,0,8
contacts/index.html,32,html,21af0b51,Jassyq,2025-04-19,11:36:33,-07:00,2025-04-19T11:36:33-07:00,0,49
contacts/index.html,33,html,5eceb152,Jassyq,2025-04-12,20:03:14,-07:00,2025-04-12T20:03:14-07:00,0,6
contacts/index.html,34,html,5eceb152,Jassyq,2025-04-12,20:03:14,-07:00,2025-04-12T20:03:14-07:00,0,6
contacts/index.html,35,html,dda2bb2c,Jassyq,2025-04-19,11:54:14,-07:00,2025-04-19T11:54:14-07:00,0,0
